Target,Model,Family,Input_Block,Benchmark_Source,Primary_Metric,Mean_Primary,Std_Primary,Method_Group
LOI,DescriptorProcess_TabICLRegressor,descriptor_tabicl,DescriptorProcess,from_scratch_descriptor_process,R2,0.849556886022742,0.01283993054337,DescriptorProcess_TabICL
LOI,DescriptorProcess_TabPFNRegressor,descriptor_tabpfn,DescriptorProcess,from_scratch_descriptor_process,R2,0.8288289533055435,0.023129568881753,DescriptorProcess_TabPFN
LOI,DescriptorProcess_LightGBMRegressor,descriptor_boosting,DescriptorProcess,from_scratch_descriptor_process,R2,0.8163992841747805,0.0142775730842198,DescriptorProcess_Boosting
LOI,DescriptorProcess_XGBoostRegressor,descriptor_boosting,DescriptorProcess,from_scratch_descriptor_process,R2,0.8003062707052715,0.0194880603782707,DescriptorProcess_Boosting
LOI,Graph_GCN_Fusion_weighted_sum_chem_balanced_balanced,chem_aware_balanced_gnn_fusion,GraphAndProcess,from_scratch_gnn_fusion,R2,0.7952884549859214,0.0263381062448136,GraphDescriptor_Fusion
LOI,DescriptorProcess_CatBoostRegressor,descriptor_boosting,DescriptorProcess,from_scratch_descriptor_process,R2,0.7941307208725494,0.0199433622701177,DescriptorProcess_Boosting
LOI,DescriptorProcess_GradientBoostingRegressor,descriptor_boosting,DescriptorProcess,from_scratch_descriptor_process,R2,0.7937933687920851,0.0212260577867964,DescriptorProcess_Boosting
LOI,Graph_GCN_Fusion_weighted_sum_chem_balanced_wide,chem_aware_balanced_gnn_fusion,GraphAndProcess,from_scratch_gnn_fusion,R2,0.7887027282312375,0.0229716558732154,GraphDescriptor_Fusion
LOI,Graph_SAGE_Fusion_weighted_sum_chem_balanced_wide,chem_aware_balanced_gnn_fusion,GraphAndProcess,from_scratch_gnn_fusion,R2,0.7866591807045002,0.0331048963320393,GraphDescriptor_Fusion
LOI,Graph_GINE_Fusion_weighted_sum_chem_balanced_deep,chem_aware_balanced_gnn_fusion,GraphAndProcess,from_scratch_gnn_fusion,R2,0.784187074285043,0.0296081361741948,GraphDescriptor_Fusion
LOI,Graph_GAT_Fusion_weighted_sum_chem_balanced_balanced,chem_aware_balanced_gnn_fusion,GraphAndProcess,from_scratch_gnn_fusion,R2,0.7831728131180584,0.032882260644437,GraphDescriptor_Fusion
LOI,Graph_GCN_Fusion_weighted_sum_chem_balanced_deep,chem_aware_balanced_gnn_fusion,GraphAndProcess,from_scratch_gnn_fusion,R2,0.7825015714487387,0.030991397042759,GraphDescriptor_Fusion
LOI,Graph_GINE_Fusion_weighted_sum_chem_balanced_wide,chem_aware_balanced_gnn_fusion,GraphAndProcess,from_scratch_gnn_fusion,R2,0.7808179378981832,0.0295959467197705,GraphDescriptor_Fusion
LOI,Graph_GINE_Fusion_weighted_sum_chem_balanced_balanced,chem_aware_balanced_gnn_fusion,GraphAndProcess,from_scratch_gnn_fusion,R2,0.7800897650222247,0.0414986799112833,GraphDescriptor_Fusion
LOI,Graph_GIN_Fusion_weighted_sum_chem_balanced_wide,chem_aware_balanced_gnn_fusion,GraphAndProcess,from_scratch_gnn_fusion,R2,0.7781643518147783,0.0304436071534159,GraphDescriptor_Fusion
LOI,Graph_GAT_Fusion_weighted_sum_chem_balanced_wide,chem_aware_balanced_gnn_fusion,GraphAndProcess,from_scratch_gnn_fusion,R2,0.7771689773606013,0.0307995005783176,GraphDescriptor_Fusion
LOI,Graph_GAT_Fusion_weighted_sum_chem_balanced_deep,chem_aware_balanced_gnn_fusion,GraphAndProcess,from_scratch_gnn_fusion,R2,0.7762621269401832,0.0318235702807673,GraphDescriptor_Fusion
LOI,Graph_SAGE_Fusion_weighted_sum_chem_balanced_balanced,chem_aware_balanced_gnn_fusion,GraphAndProcess,from_scratch_gnn_fusion,R2,0.7741800950418201,0.0345457875765368,GraphDescriptor_Fusion
LOI,Graph_GIN_Fusion_weighted_sum_chem_balanced_deep,chem_aware_balanced_gnn_fusion,GraphAndProcess,from_scratch_gnn_fusion,R2,0.773726998505787,0.0309855067611861,GraphDescriptor_Fusion
LOI,Graph_SAGE_Fusion_weighted_sum_chem_balanced_deep,chem_aware_balanced_gnn_fusion,GraphAndProcess,from_scratch_gnn_fusion,R2,0.7714488751601188,0.0296489033299999,GraphDescriptor_Fusion
LOI,Graph_GIN_Fusion_weighted_sum_chem_balanced_balanced,chem_aware_balanced_gnn_fusion,GraphAndProcess,from_scratch_gnn_fusion,R2,0.7713756954556908,0.028567463956528,GraphDescriptor_Fusion
LOI,DescriptorProcess_ExtraTreesRegressor,descriptor_tree,DescriptorProcess,from_scratch_descriptor_process,R2,0.768459103396021,0.0207838782800832,DescriptorProcess_Bagging
LOI,Graph_GCN_Fusion_film_chem_balanced_wide,chem_aware_balanced_gnn_fusion,GraphAndProcess,from_scratch_gnn_fusion,R2,0.7656001310814867,0.0283613621030773,GraphDescriptor_Fusion
LOI,Graph_GIN_Fusion_film_chem_balanced_wide,chem_aware_balanced_gnn_fusion,GraphAndProcess,from_scratch_gnn_fusion,R2,0.7655041448690827,0.0282695864880861,GraphDescriptor_Fusion
LOI,Graph_GCN_Fusion_concat_chem_balanced_wide,chem_aware_balanced_gnn_fusion,GraphAndProcess,from_scratch_gnn_fusion,R2,0.765457943124878,0.030125275437094,GraphDescriptor_Fusion
LOI,Graph_GAT_Fusion_gated_chem_balanced_balanced,chem_aware_balanced_gnn_fusion,GraphAndProcess,from_scratch_gnn_fusion,R2,0.7650875472762163,0.0294945580368227,GraphDescriptor_Fusion
LOI,Graph_GCN_Fusion_attention_chem_balanced_wide,chem_aware_balanced_gnn_fusion,GraphAndProcess,from_scratch_gnn_fusion,R2,0.7650751678738466,0.0272101691716858,GraphDescriptor_Fusion
LOI,Graph_GIN_Fusion_gated_chem_balanced_balanced,chem_aware_balanced_gnn_fusion,GraphAndProcess,from_scratch_gnn_fusion,R2,0.7648340316737321,0.0241115821777023,GraphDescriptor_Fusion
LOI,Graph_GIN_Fusion_gated_chem_balanced_wide,chem_aware_balanced_gnn_fusion,GraphAndProcess,from_scratch_gnn_fusion,R2,0.7638840596051807,0.0349842040979205,GraphDescriptor_Fusion
LOI,DescriptorProcess_RandomForestRegressor,descriptor_tree,DescriptorProcess,from_scratch_descriptor_process,R2,0.7637088096209949,0.0204228075740858,DescriptorProcess_Bagging
LOI,Graph_GIN_Fusion_attention_chem_balanced_wide,chem_aware_balanced_gnn_fusion,GraphAndProcess,from_scratch_gnn_fusion,R2,0.7634487166402308,0.0306935261097633,GraphDescriptor_Fusion
LOI,Graph_GAT_Fusion_film_chem_balanced_balanced,chem_aware_balanced_gnn_fusion,GraphAndProcess,from_scratch_gnn_fusion,R2,0.7628269447946814,0.0295861230857321,GraphDescriptor_Fusion
LOI,Graph_GCN_Fusion_gated_chem_balanced_deep,chem_aware_balanced_gnn_fusion,GraphAndProcess,from_scratch_gnn_fusion,R2,0.7624879131953216,0.0293367652325502,GraphDescriptor_Fusion
LOI,Graph_GAT_Fusion_attention_chem_balanced_wide,chem_aware_balanced_gnn_fusion,GraphAndProcess,from_scratch_gnn_fusion,R2,0.7624232274050469,0.0263260335466742,GraphDescriptor_Fusion
LOI,Graph_GINE_Fusion_gated_chem_balanced_wide,chem_aware_balanced_gnn_fusion,GraphAndProcess,from_scratch_gnn_fusion,R2,0.762314529753757,0.0295025034466858,GraphDescriptor_Fusion
LOI,Graph_GIN_Fusion_film_chem_balanced_deep,chem_aware_balanced_gnn_fusion,GraphAndProcess,from_scratch_gnn_fusion,R2,0.7620672815817797,0.023594111325416,GraphDescriptor_Fusion
LOI,Graph_GINE_Fusion_concat_chem_balanced_balanced,chem_aware_balanced_gnn_fusion,GraphAndProcess,from_scratch_gnn_fusion,R2,0.7618904832656486,0.0266818318548671,GraphDescriptor_Fusion
LOI,Graph_GCN_Fusion_concat_chem_balanced_deep,chem_aware_balanced_gnn_fusion,GraphAndProcess,from_scratch_gnn_fusion,R2,0.7618748857486207,0.02812337779433,GraphDescriptor_Fusion
LOI,Graph_GINE_Fusion_film_chem_balanced_deep,chem_aware_balanced_gnn_fusion,GraphAndProcess,from_scratch_gnn_fusion,R2,0.7615932919526849,0.0268137278563655,GraphDescriptor_Fusion
LOI,Graph_SAGE_Fusion_attention_chem_balanced_balanced,chem_aware_balanced_gnn_fusion,GraphAndProcess,from_scratch_gnn_fusion,R2,0.7614111287539223,0.0243843187644139,GraphDescriptor_Fusion
LOI,Graph_GAT_Fusion_film_chem_balanced_deep,chem_aware_balanced_gnn_fusion,GraphAndProcess,from_scratch_gnn_fusion,R2,0.761394287792198,0.0275644760013141,GraphDescriptor_Fusion
LOI,Graph_GCN_Fusion_attention_chem_balanced_deep,chem_aware_balanced_gnn_fusion,GraphAndProcess,from_scratch_gnn_fusion,R2,0.7613337523456317,0.0259736732895041,GraphDescriptor_Fusion
LOI,Graph_GAT_Fusion_concat_chem_balanced_balanced,chem_aware_balanced_gnn_fusion,GraphAndProcess,from_scratch_gnn_fusion,R2,0.7612867531777526,0.0283693992859939,GraphDescriptor_Fusion
LOI,Graph_GINE_Fusion_film_chem_balanced_balanced,chem_aware_balanced_gnn_fusion,GraphAndProcess,from_scratch_gnn_fusion,R2,0.7611794323062628,0.0261716798558514,GraphDescriptor_Fusion
LOI,Graph_GIN_Fusion_concat_chem_balanced_balanced,chem_aware_balanced_gnn_fusion,GraphAndProcess,from_scratch_gnn_fusion,R2,0.7611479950470175,0.0269797916117859,GraphDescriptor_Fusion
LOI,Graph_SAGE_Fusion_film_chem_balanced_wide,chem_aware_balanced_gnn_fusion,GraphAndProcess,from_scratch_gnn_fusion,R2,0.7607038701214899,0.0248807059745264,GraphDescriptor_Fusion
LOI,Graph_SAGE_Fusion_gated_chem_balanced_wide,chem_aware_balanced_gnn_fusion,GraphAndProcess,from_scratch_gnn_fusion,R2,0.7603403913420452,0.0310682034339867,GraphDescriptor_Fusion
LOI,Graph_GCN_Fusion_attention_chem_balanced_balanced,chem_aware_balanced_gnn_fusion,GraphAndProcess,from_scratch_gnn_fusion,R2,0.7602737763383349,0.0295794674122714,GraphDescriptor_Fusion
LOI,Graph_SAGE_Fusion_concat_chem_balanced_wide,chem_aware_balanced_gnn_fusion,GraphAndProcess,from_scratch_gnn_fusion,R2,0.7602051404518158,0.0308756942153987,GraphDescriptor_Fusion
LOI,Graph_GINE_Fusion_concat_chem_balanced_deep,chem_aware_balanced_gnn_fusion,GraphAndProcess,from_scratch_gnn_fusion,R2,0.7599632718367354,0.0328183186577883,GraphDescriptor_Fusion
LOI,Graph_GINE_Fusion_attention_chem_balanced_deep,chem_aware_balanced_gnn_fusion,GraphAndProcess,from_scratch_gnn_fusion,R2,0.759963265054543,0.0232205283525319,GraphDescriptor_Fusion
LOI,Graph_GAT_Fusion_concat_chem_balanced_deep,chem_aware_balanced_gnn_fusion,GraphAndProcess,from_scratch_gnn_fusion,R2,0.7598795670373226,0.0305417782854213,GraphDescriptor_Fusion
LOI,Graph_GINE_Fusion_attention_chem_balanced_balanced,chem_aware_balanced_gnn_fusion,GraphAndProcess,from_scratch_gnn_fusion,R2,0.759777399691387,0.0257287158579595,GraphDescriptor_Fusion
LOI,Graph_GCN_Fusion_gated_chem_balanced_wide,chem_aware_balanced_gnn_fusion,GraphAndProcess,from_scratch_gnn_fusion,R2,0.7597514913362715,0.0260870839701735,GraphDescriptor_Fusion
LOI,Graph_GIN_Fusion_attention_chem_balanced_balanced,chem_aware_balanced_gnn_fusion,GraphAndProcess,from_scratch_gnn_fusion,R2,0.7597024899989101,0.0321526297627748,GraphDescriptor_Fusion
LOI,Graph_SAGE_Fusion_gated_chem_balanced_balanced,chem_aware_balanced_gnn_fusion,GraphAndProcess,from_scratch_gnn_fusion,R2,0.7596699237189852,0.0325801955369192,GraphDescriptor_Fusion
LOI,Graph_GCN_Fusion_film_chem_balanced_balanced,chem_aware_balanced_gnn_fusion,GraphAndProcess,from_scratch_gnn_fusion,R2,0.7596291801906668,0.0255155246545702,GraphDescriptor_Fusion
LOI,Graph_GAT_Fusion_gated_chem_balanced_wide,chem_aware_balanced_gnn_fusion,GraphAndProcess,from_scratch_gnn_fusion,R2,0.7595672319310427,0.0319263058772635,GraphDescriptor_Fusion
LOI,Graph_GAT_Fusion_film_chem_balanced_wide,chem_aware_balanced_gnn_fusion,GraphAndProcess,from_scratch_gnn_fusion,R2,0.7594088003839825,0.029218980517411,GraphDescriptor_Fusion
LOI,Graph_SAGE_Fusion_concat_chem_balanced_balanced,chem_aware_balanced_gnn_fusion,GraphAndProcess,from_scratch_gnn_fusion,R2,0.7593210946728812,0.0284547190050015,GraphDescriptor_Fusion
LOI,Graph_GAT_Fusion_concat_chem_balanced_wide,chem_aware_balanced_gnn_fusion,GraphAndProcess,from_scratch_gnn_fusion,R2,0.7592855722636397,0.0287632583871923,GraphDescriptor_Fusion
LOI,Graph_GINE_Fusion_concat_chem_balanced_wide,chem_aware_balanced_gnn_fusion,GraphAndProcess,from_scratch_gnn_fusion,R2,0.7592158453352521,0.0337366731625572,GraphDescriptor_Fusion
LOI,Graph_GAT_Fusion_gated_chem_balanced_deep,chem_aware_balanced_gnn_fusion,GraphAndProcess,from_scratch_gnn_fusion,R2,0.7590417399935095,0.024984313595691,GraphDescriptor_Fusion
LOI,Graph_SAGE_Fusion_concat_chem_balanced_deep,chem_aware_balanced_gnn_fusion,GraphAndProcess,from_scratch_gnn_fusion,R2,0.7587915908883123,0.025014232450824,GraphDescriptor_Fusion
LOI,Graph_SAGE_Fusion_attention_chem_balanced_wide,chem_aware_balanced_gnn_fusion,GraphAndProcess,from_scratch_gnn_fusion,R2,0.7586899178447408,0.0367742045300688,GraphDescriptor_Fusion
LOI,Graph_SAGE_Fusion_film_chem_balanced_balanced,chem_aware_balanced_gnn_fusion,GraphAndProcess,from_scratch_gnn_fusion,R2,0.7584643403857728,0.0205295041495064,GraphDescriptor_Fusion
LOI,Graph_GINE_Fusion_gated_chem_balanced_deep,chem_aware_balanced_gnn_fusion,GraphAndProcess,from_scratch_gnn_fusion,R2,0.7580118020916262,0.0315950388400559,GraphDescriptor_Fusion
LOI,Graph_GINE_Fusion_film_chem_balanced_wide,chem_aware_balanced_gnn_fusion,GraphAndProcess,from_scratch_gnn_fusion,R2,0.7579412728936725,0.0227156904855381,GraphDescriptor_Fusion
LOI,Graph_GINE_Fusion_gated_chem_balanced_balanced,chem_aware_balanced_gnn_fusion,GraphAndProcess,from_scratch_gnn_fusion,R2,0.7578410472104754,0.0310806879855001,GraphDescriptor_Fusion
LOI,Graph_GIN_Fusion_film_chem_balanced_balanced,chem_aware_balanced_gnn_fusion,GraphAndProcess,from_scratch_gnn_fusion,R2,0.7578203556439815,0.0283518988835629,GraphDescriptor_Fusion
LOI,Graph_GIN_Fusion_concat_chem_balanced_wide,chem_aware_balanced_gnn_fusion,GraphAndProcess,from_scratch_gnn_fusion,R2,0.7576961869452696,0.0313828606563598,GraphDescriptor_Fusion
LOI,Graph_GCN_Fusion_gated_chem_balanced_balanced,chem_aware_balanced_gnn_fusion,GraphAndProcess,from_scratch_gnn_fusion,R2,0.757693898909091,0.0328502899239342,GraphDescriptor_Fusion
LOI,Graph_GINE_Fusion_attention_chem_balanced_wide,chem_aware_balanced_gnn_fusion,GraphAndProcess,from_scratch_gnn_fusion,R2,0.7575006347642284,0.0375733099617603,GraphDescriptor_Fusion
LOI,Graph_SAGE_Fusion_attention_chem_balanced_deep,chem_aware_balanced_gnn_fusion,GraphAndProcess,from_scratch_gnn_fusion,R2,0.7566173027137093,0.0296864037916491,GraphDescriptor_Fusion
LOI,Graph_GIN_Fusion_attention_chem_balanced_deep,chem_aware_balanced_gnn_fusion,GraphAndProcess,from_scratch_gnn_fusion,R2,0.7563419581925579,0.0314716560935167,GraphDescriptor_Fusion
LOI,Graph_GAT_Fusion_attention_chem_balanced_deep,chem_aware_balanced_gnn_fusion,GraphAndProcess,from_scratch_gnn_fusion,R2,0.7561921057932174,0.0273722484707697,GraphDescriptor_Fusion
LOI,Graph_GAT_Fusion_attention_chem_balanced_balanced,chem_aware_balanced_gnn_fusion,GraphAndProcess,from_scratch_gnn_fusion,R2,0.7556251224016992,0.0327482709292927,GraphDescriptor_Fusion
LOI,Graph_GIN_Fusion_gated_chem_balanced_deep,chem_aware_balanced_gnn_fusion,GraphAndProcess,from_scratch_gnn_fusion,R2,0.7553808501925066,0.0271580030095231,GraphDescriptor_Fusion
LOI,Graph_GIN_Fusion_concat_chem_balanced_deep,chem_aware_balanced_gnn_fusion,GraphAndProcess,from_scratch_gnn_fusion,R2,0.7549221213538966,0.0280826350522493,GraphDescriptor_Fusion
LOI,Graph_SAGE_Fusion_film_chem_balanced_deep,chem_aware_balanced_gnn_fusion,GraphAndProcess,from_scratch_gnn_fusion,R2,0.7545051281459865,0.0256848559680307,GraphDescriptor_Fusion
LOI,Graph_SAGE_Fusion_gated_chem_balanced_deep,chem_aware_balanced_gnn_fusion,GraphAndProcess,from_scratch_gnn_fusion,R2,0.7542163197394168,0.0290843107398078,GraphDescriptor_Fusion
LOI,Graph_GCN_Fusion_film_chem_balanced_deep,chem_aware_balanced_gnn_fusion,GraphAndProcess,from_scratch_gnn_fusion,R2,0.752976862130633,0.0332072453783002,GraphDescriptor_Fusion
LOI,Graph_GCN_Fusion_concat_chem_balanced_balanced,chem_aware_balanced_gnn_fusion,GraphAndProcess,from_scratch_gnn_fusion,R2,0.7481652882710875,0.0336966036762182,GraphDescriptor_Fusion
LOI,Graph_GINE_Fusion_weighted_sum,advanced_gnn_fusion,GraphAndProcess,from_scratch_gnn_fusion,R2,0.7452370396788623,0.0208073508226904,GraphDescriptor_Fusion
LOI,Graph_SAGE_Fusion_weighted_sum,advanced_gnn_fusion,GraphAndProcess,from_scratch_gnn_fusion,R2,0.7370733811505229,0.0513958828396443,GraphDescriptor_Fusion
LOI,Graph_GIN_Fusion_weighted_sum,advanced_gnn_fusion,GraphAndProcess,from_scratch_gnn_fusion,R2,0.7159671337040558,0.058866555586103,GraphDescriptor_Fusion
LOI,Graph_GAT_Fusion_attention,advanced_gnn_fusion,GraphAndProcess,from_scratch_gnn_fusion,R2,0.709960937771869,0.0681128170685516,GraphDescriptor_Fusion
LOI,Graph_GINE_Fusion_attention,advanced_gnn_fusion,GraphAndProcess,from_scratch_gnn_fusion,R2,0.7066466769207235,0.0437231540711322,GraphDescriptor_Fusion
LOI,Graph_GINE_Fusion_film,advanced_gnn_fusion,GraphAndProcess,from_scratch_gnn_fusion,R2,0.6988120467828318,0.0317715315166531,GraphDescriptor_Fusion
LOI,Graph_GAT_Fusion_film,advanced_gnn_fusion,GraphAndProcess,from_scratch_gnn_fusion,R2,0.69268567391245,0.0515531864828722,GraphDescriptor_Fusion
LOI,Graph_SAGE_Fusion_attention,advanced_gnn_fusion,GraphAndProcess,from_scratch_gnn_fusion,R2,0.6920092418591615,0.0590002309576537,GraphDescriptor_Fusion
LOI,Graph_GIN_Fusion_film,advanced_gnn_fusion,GraphAndProcess,from_scratch_gnn_fusion,R2,0.6916569709605146,0.0265717965928977,GraphDescriptor_Fusion
LOI,Graph_GIN_Fusion_attention,advanced_gnn_fusion,GraphAndProcess,from_scratch_gnn_fusion,R2,0.6861820017785035,0.0722511730019573,GraphDescriptor_Fusion
LOI,Graph_SAGE_Fusion_concat,advanced_gnn_fusion,GraphAndProcess,from_scratch_gnn_fusion,R2,0.681820155655951,0.072269614879376,GraphDescriptor_Fusion
LOI,Graph_GIN_Fusion_gated,advanced_gnn_fusion,GraphAndProcess,from_scratch_gnn_fusion,R2,0.6718237818801092,0.0945533659145527,GraphDescriptor_Fusion
LOI,Graph_GCN_Fusion_film,advanced_gnn_fusion,GraphAndProcess,from_scratch_gnn_fusion,R2,0.661067053521192,0.0573568117172333,GraphDescriptor_Fusion
LOI,Graph_SAGE_Fusion_film,advanced_gnn_fusion,GraphAndProcess,from_scratch_gnn_fusion,R2,0.6564116662558236,0.0262993816473827,GraphDescriptor_Fusion
LOI,Graph_GINE_Fusion_concat,advanced_gnn_fusion,GraphAndProcess,from_scratch_gnn_fusion,R2,0.6501896802931941,0.0771586708246403,GraphDescriptor_Fusion
LOI,Graph_GCN_Fusion_attention,advanced_gnn_fusion,GraphAndProcess,from_scratch_gnn_fusion,R2,0.6487191100171696,0.0877020841470607,GraphDescriptor_Fusion
LOI,Graph_GAT_Fusion_concat,advanced_gnn_fusion,GraphAndProcess,from_scratch_gnn_fusion,R2,0.638042625202954,0.0923223194932857,GraphDescriptor_Fusion
LOI,Graph_GIN_Fusion_concat,advanced_gnn_fusion,GraphAndProcess,from_scratch_gnn_fusion,R2,0.6376076650929194,0.0438640350702766,GraphDescriptor_Fusion
LOI,Graph_SAGE_Fusion_gated,advanced_gnn_fusion,GraphAndProcess,from_scratch_gnn_fusion,R2,0.6347557189887685,0.1560723328296329,GraphDescriptor_Fusion
LOI,DescriptorProcess_RbfSVMRegressor,descriptor_kernel,DescriptorProcess,from_scratch_descriptor_process,R2,0.6321562319497056,0.0226233417807808,DescriptorProcess_OtherML
LOI,Graph_GINE_Fusion_gated,advanced_gnn_fusion,GraphAndProcess,from_scratch_gnn_fusion,R2,0.6320481682099622,0.1335072595169329,GraphDescriptor_Fusion
LOI,Graph_GCN_Fusion_concat,advanced_gnn_fusion,GraphAndProcess,from_scratch_gnn_fusion,R2,0.6047548341849327,0.0373939004247777,GraphDescriptor_Fusion
LOI,Graph_GCN_Fusion_gated,advanced_gnn_fusion,GraphAndProcess,from_scratch_gnn_fusion,R2,0.5921307172163154,0.2129727622887318,GraphDescriptor_Fusion
LOI,Graph_GCN_Fusion_weighted_sum,advanced_gnn_fusion,GraphAndProcess,from_scratch_gnn_fusion,R2,0.5768855411638918,0.132581575884594,GraphDescriptor_Fusion
LOI,Graph_GAT_Fusion_weighted_sum,advanced_gnn_fusion,GraphAndProcess,from_scratch_gnn_fusion,R2,0.5740170208889676,0.1425794711590088,GraphDescriptor_Fusion
LOI,Graph_GAT_Fusion_gated,advanced_gnn_fusion,GraphAndProcess,from_scratch_gnn_fusion,R2,0.5247243073326107,0.2379765168306936,GraphDescriptor_Fusion
LOI,DescriptorProcess_MLPRegressor,descriptor_nn,DescriptorProcess,from_scratch_descriptor_process,R2,0.4966096553316187,0.164796449619152,DescriptorProcess_OtherML
LOI,DescriptorProcess_ElasticNetRegressor,descriptor_linear,DescriptorProcess,from_scratch_descriptor_process,R2,0.3558605149495387,0.0524053400442813,DescriptorProcess_OtherML
LOI,DescriptorProcess_BayesianRidgeRegressor,descriptor_linear,DescriptorProcess,from_scratch_descriptor_process,R2,0.3540842435798952,0.0520617171107932,DescriptorProcess_OtherML
LOI,DescriptorProcess_RidgeRegressor,descriptor_linear,DescriptorProcess,from_scratch_descriptor_process,R2,0.3449844097392037,0.0568684708587157,DescriptorProcess_OtherML
LOI,Graph_SAGE_Fusion_graph_only,advanced_gnn_fusion,GraphAndProcess,from_scratch_gnn_fusion,R2,0.1723012646253317,0.028622852160021,Plain_GNN
LOI,Graph_GAT_Fusion_graph_only,advanced_gnn_fusion,GraphAndProcess,from_scratch_gnn_fusion,R2,0.1590312486394835,0.0299853402356893,Plain_GNN
LOI,Graph_GINE_Fusion_graph_only,advanced_gnn_fusion,GraphAndProcess,from_scratch_gnn_fusion,R2,0.1588217728831198,0.0149194064756517,Plain_GNN
LOI,Graph_GIN_Fusion_graph_only,advanced_gnn_fusion,GraphAndProcess,from_scratch_gnn_fusion,R2,0.1494836827902579,0.0345842371060853,Plain_GNN
LOI,Graph_GCN_Fusion_graph_only,advanced_gnn_fusion,GraphAndProcess,from_scratch_gnn_fusion,R2,0.1373892129789105,0.0475049455761951,Plain_GNN
TENSILE,DescriptorProcess_TabICLRegressor,descriptor_tabicl,DescriptorProcess,from_scratch_descriptor_process,R2,0.721809327933441,0.0455623920178793,DescriptorProcess_TabICL
TENSILE,DescriptorProcess_TabPFNRegressor,descriptor_tabpfn,DescriptorProcess,from_scratch_descriptor_process,R2,0.6955258353052102,0.0452863422502303,DescriptorProcess_TabPFN
TENSILE,DescriptorProcess_CatBoostRegressor,descriptor_boosting,DescriptorProcess,from_scratch_descriptor_process,R2,0.6816639591669634,0.0472753687348401,DescriptorProcess_Boosting
TENSILE,DescriptorProcess_RandomForestRegressor,descriptor_tree,DescriptorProcess,from_scratch_descriptor_process,R2,0.6802531364146308,0.0427424772299204,DescriptorProcess_Bagging
TENSILE,DescriptorProcess_GradientBoostingRegressor,descriptor_boosting,DescriptorProcess,from_scratch_descriptor_process,R2,0.6726003394466802,0.0555238424617494,DescriptorProcess_Boosting
TENSILE,DescriptorProcess_XGBoostRegressor,descriptor_boosting,DescriptorProcess,from_scratch_descriptor_process,R2,0.6718963269334737,0.059857000965884,DescriptorProcess_Boosting
TENSILE,DescriptorProcess_ExtraTreesRegressor,descriptor_tree,DescriptorProcess,from_scratch_descriptor_process,R2,0.6694197104330722,0.0506163863249092,DescriptorProcess_Bagging
TENSILE,DescriptorProcess_LightGBMRegressor,descriptor_boosting,DescriptorProcess,from_scratch_descriptor_process,R2,0.6612236705745145,0.0454077408304141,DescriptorProcess_Boosting
TENSILE,Graph_GCN_Fusion_gated_chem_balanced_balanced,chem_aware_balanced_gnn_fusion,GraphAndProcess,from_scratch_gnn_fusion,R2,0.6407107504168118,0.0367578346008532,GraphDescriptor_Fusion
TENSILE,Graph_SAGE_Fusion_gated_chem_balanced_wide,chem_aware_balanced_gnn_fusion,GraphAndProcess,from_scratch_gnn_fusion,R2,0.6403900125023373,0.047507276583807,GraphDescriptor_Fusion
TENSILE,Graph_GAT_Fusion_gated_chem_balanced_deep,chem_aware_balanced_gnn_fusion,GraphAndProcess,from_scratch_gnn_fusion,R2,0.6389471927277909,0.0384055800638747,GraphDescriptor_Fusion
TENSILE,Graph_GCN_Fusion_film_chem_balanced_wide,chem_aware_balanced_gnn_fusion,GraphAndProcess,from_scratch_gnn_fusion,R2,0.6387406064403864,0.0378484561043989,GraphDescriptor_Fusion
TENSILE,Graph_GINE_Fusion_gated_chem_balanced_wide,chem_aware_balanced_gnn_fusion,GraphAndProcess,from_scratch_gnn_fusion,R2,0.6384522936870881,0.0411417595842045,GraphDescriptor_Fusion
TENSILE,Graph_SAGE_Fusion_film_chem_balanced_wide,chem_aware_balanced_gnn_fusion,GraphAndProcess,from_scratch_gnn_fusion,R2,0.6377726392529732,0.0415008155251559,GraphDescriptor_Fusion
TENSILE,Graph_GAT_Fusion_weighted_sum_chem_balanced_balanced,chem_aware_balanced_gnn_fusion,GraphAndProcess,from_scratch_gnn_fusion,R2,0.6375371689050947,0.0410795670369057,GraphDescriptor_Fusion
TENSILE,Graph_GIN_Fusion_gated_chem_balanced_wide,chem_aware_balanced_gnn_fusion,GraphAndProcess,from_scratch_gnn_fusion,R2,0.6373724906277257,0.0409046764955234,GraphDescriptor_Fusion
TENSILE,Graph_GAT_Fusion_attention_chem_balanced_deep,chem_aware_balanced_gnn_fusion,GraphAndProcess,from_scratch_gnn_fusion,R2,0.6365718884301961,0.0389664932770855,GraphDescriptor_Fusion
TENSILE,Graph_GCN_Fusion_weighted_sum_chem_balanced_wide,chem_aware_balanced_gnn_fusion,GraphAndProcess,from_scratch_gnn_fusion,R2,0.635772208340738,0.0437278572902218,GraphDescriptor_Fusion
TENSILE,Graph_GAT_Fusion_film_chem_balanced_deep,chem_aware_balanced_gnn_fusion,GraphAndProcess,from_scratch_gnn_fusion,R2,0.6356601330758263,0.0429536321675702,GraphDescriptor_Fusion
TENSILE,Graph_GIN_Fusion_concat_chem_balanced_balanced,chem_aware_balanced_gnn_fusion,GraphAndProcess,from_scratch_gnn_fusion,R2,0.6352984700056925,0.0336911166307237,GraphDescriptor_Fusion
TENSILE,Graph_SAGE_Fusion_weighted_sum_chem_balanced_deep,chem_aware_balanced_gnn_fusion,GraphAndProcess,from_scratch_gnn_fusion,R2,0.6351481465771907,0.0416007698432573,GraphDescriptor_Fusion
TENSILE,Graph_GCN_Fusion_weighted_sum_chem_balanced_deep,chem_aware_balanced_gnn_fusion,GraphAndProcess,from_scratch_gnn_fusion,R2,0.6350198079625562,0.0338395012070791,GraphDescriptor_Fusion
TENSILE,Graph_GCN_Fusion_weighted_sum_chem_balanced_balanced,chem_aware_balanced_gnn_fusion,GraphAndProcess,from_scratch_gnn_fusion,R2,0.6349493801186791,0.0368328301263782,GraphDescriptor_Fusion
TENSILE,Graph_GCN_Fusion_concat_chem_balanced_deep,chem_aware_balanced_gnn_fusion,GraphAndProcess,from_scratch_gnn_fusion,R2,0.6346112025631886,0.0373154119158492,GraphDescriptor_Fusion
TENSILE,Graph_GIN_Fusion_concat_chem_balanced_deep,chem_aware_balanced_gnn_fusion,GraphAndProcess,from_scratch_gnn_fusion,R2,0.6343250025179861,0.0356784043238235,GraphDescriptor_Fusion
TENSILE,Graph_GIN_Fusion_gated_chem_balanced_balanced,chem_aware_balanced_gnn_fusion,GraphAndProcess,from_scratch_gnn_fusion,R2,0.6340588409603033,0.0393147604999772,GraphDescriptor_Fusion
TENSILE,Graph_GIN_Fusion_weighted_sum_chem_balanced_balanced,chem_aware_balanced_gnn_fusion,GraphAndProcess,from_scratch_gnn_fusion,R2,0.633980003052619,0.0435803285784201,GraphDescriptor_Fusion
TENSILE,Graph_SAGE_Fusion_gated_chem_balanced_deep,chem_aware_balanced_gnn_fusion,GraphAndProcess,from_scratch_gnn_fusion,R2,0.633933938679698,0.0375308770095348,GraphDescriptor_Fusion
TENSILE,Graph_GINE_Fusion_attention_chem_balanced_wide,chem_aware_balanced_gnn_fusion,GraphAndProcess,from_scratch_gnn_fusion,R2,0.6338816196579516,0.0391904617861084,GraphDescriptor_Fusion
TENSILE,Graph_GCN_Fusion_attention_chem_balanced_balanced,chem_aware_balanced_gnn_fusion,GraphAndProcess,from_scratch_gnn_fusion,R2,0.6336784782027691,0.0395413438366997,GraphDescriptor_Fusion
TENSILE,Graph_GCN_Fusion_gated_chem_balanced_wide,chem_aware_balanced_gnn_fusion,GraphAndProcess,from_scratch_gnn_fusion,R2,0.6330136783472791,0.039945185661073,GraphDescriptor_Fusion
TENSILE,Graph_GAT_Fusion_attention_chem_balanced_balanced,chem_aware_balanced_gnn_fusion,GraphAndProcess,from_scratch_gnn_fusion,R2,0.6330135138754182,0.0420514843659354,GraphDescriptor_Fusion
TENSILE,Graph_GINE_Fusion_gated_chem_balanced_balanced,chem_aware_balanced_gnn_fusion,GraphAndProcess,from_scratch_gnn_fusion,R2,0.6330043849946753,0.0422698492899925,GraphDescriptor_Fusion
TENSILE,Graph_GIN_Fusion_attention_chem_balanced_deep,chem_aware_balanced_gnn_fusion,GraphAndProcess,from_scratch_gnn_fusion,R2,0.6329609611223976,0.0332438443226905,GraphDescriptor_Fusion
TENSILE,Graph_GINE_Fusion_attention_chem_balanced_deep,chem_aware_balanced_gnn_fusion,GraphAndProcess,from_scratch_gnn_fusion,R2,0.6328773231814757,0.0475273500890402,GraphDescriptor_Fusion
TENSILE,Graph_SAGE_Fusion_film_chem_balanced_balanced,chem_aware_balanced_gnn_fusion,GraphAndProcess,from_scratch_gnn_fusion,R2,0.6328014827276256,0.0361102918188039,GraphDescriptor_Fusion
TENSILE,Graph_SAGE_Fusion_weighted_sum_chem_balanced_wide,chem_aware_balanced_gnn_fusion,GraphAndProcess,from_scratch_gnn_fusion,R2,0.6327609771495399,0.0336209587399692,GraphDescriptor_Fusion
TENSILE,Graph_SAGE_Fusion_weighted_sum_chem_balanced_balanced,chem_aware_balanced_gnn_fusion,GraphAndProcess,from_scratch_gnn_fusion,R2,0.6327559807829902,0.0463945369018761,GraphDescriptor_Fusion
TENSILE,Graph_GINE_Fusion_film_chem_balanced_wide,chem_aware_balanced_gnn_fusion,GraphAndProcess,from_scratch_gnn_fusion,R2,0.6326918356705941,0.0419050500405131,GraphDescriptor_Fusion
TENSILE,Graph_GCN_Fusion_attention_chem_balanced_wide,chem_aware_balanced_gnn_fusion,GraphAndProcess,from_scratch_gnn_fusion,R2,0.632659330097531,0.0356219519890278,GraphDescriptor_Fusion
TENSILE,Graph_GIN_Fusion_film_chem_balanced_deep,chem_aware_balanced_gnn_fusion,GraphAndProcess,from_scratch_gnn_fusion,R2,0.6322920230788185,0.0371458778531169,GraphDescriptor_Fusion
TENSILE,Graph_GINE_Fusion_weighted_sum_chem_balanced_wide,chem_aware_balanced_gnn_fusion,GraphAndProcess,from_scratch_gnn_fusion,R2,0.6321968837208827,0.0453352142785346,GraphDescriptor_Fusion
TENSILE,Graph_GCN_Fusion_film_chem_balanced_balanced,chem_aware_balanced_gnn_fusion,GraphAndProcess,from_scratch_gnn_fusion,R2,0.6320819899149651,0.0370676590580045,GraphDescriptor_Fusion
TENSILE,Graph_GIN_Fusion_weighted_sum_chem_balanced_wide,chem_aware_balanced_gnn_fusion,GraphAndProcess,from_scratch_gnn_fusion,R2,0.6318736722902717,0.033445844318517,GraphDescriptor_Fusion
TENSILE,Graph_GIN_Fusion_concat_chem_balanced_wide,chem_aware_balanced_gnn_fusion,GraphAndProcess,from_scratch_gnn_fusion,R2,0.6317413852685709,0.0474695776364504,GraphDescriptor_Fusion
TENSILE,Graph_GINE_Fusion_concat_chem_balanced_deep,chem_aware_balanced_gnn_fusion,GraphAndProcess,from_scratch_gnn_fusion,R2,0.631648295764305,0.0367113714511183,GraphDescriptor_Fusion
TENSILE,Graph_GIN_Fusion_gated_chem_balanced_deep,chem_aware_balanced_gnn_fusion,GraphAndProcess,from_scratch_gnn_fusion,R2,0.6315948151590213,0.0429101528908727,GraphDescriptor_Fusion
TENSILE,Graph_GINE_Fusion_concat_chem_balanced_wide,chem_aware_balanced_gnn_fusion,GraphAndProcess,from_scratch_gnn_fusion,R2,0.6315674121872239,0.0362698533951861,GraphDescriptor_Fusion
TENSILE,Graph_SAGE_Fusion_concat_chem_balanced_balanced,chem_aware_balanced_gnn_fusion,GraphAndProcess,from_scratch_gnn_fusion,R2,0.6315376811483514,0.0398361558801634,GraphDescriptor_Fusion
TENSILE,Graph_GINE_Fusion_film_chem_balanced_balanced,chem_aware_balanced_gnn_fusion,GraphAndProcess,from_scratch_gnn_fusion,R2,0.6313327471143616,0.0413081133985197,GraphDescriptor_Fusion
TENSILE,Graph_GAT_Fusion_gated_chem_balanced_balanced,chem_aware_balanced_gnn_fusion,GraphAndProcess,from_scratch_gnn_fusion,R2,0.6312934124695888,0.0380472331831214,GraphDescriptor_Fusion
TENSILE,Graph_GAT_Fusion_concat_chem_balanced_wide,chem_aware_balanced_gnn_fusion,GraphAndProcess,from_scratch_gnn_fusion,R2,0.6310956085109185,0.0329630317318503,GraphDescriptor_Fusion
TENSILE,Graph_SAGE_Fusion_attention_chem_balanced_deep,chem_aware_balanced_gnn_fusion,GraphAndProcess,from_scratch_gnn_fusion,R2,0.631066001428028,0.040433887143573,GraphDescriptor_Fusion
TENSILE,Graph_SAGE_Fusion_attention_chem_balanced_balanced,chem_aware_balanced_gnn_fusion,GraphAndProcess,from_scratch_gnn_fusion,R2,0.6309855887542714,0.035783910085018,GraphDescriptor_Fusion
TENSILE,Graph_GCN_Fusion_attention_chem_balanced_deep,chem_aware_balanced_gnn_fusion,GraphAndProcess,from_scratch_gnn_fusion,R2,0.6307893736350851,0.0324576776328816,GraphDescriptor_Fusion
TENSILE,Graph_GAT_Fusion_concat_chem_balanced_balanced,chem_aware_balanced_gnn_fusion,GraphAndProcess,from_scratch_gnn_fusion,R2,0.6304147359172758,0.0369421960602389,GraphDescriptor_Fusion
TENSILE,Graph_GIN_Fusion_weighted_sum_chem_balanced_deep,chem_aware_balanced_gnn_fusion,GraphAndProcess,from_scratch_gnn_fusion,R2,0.6303548359025657,0.0387411265361318,GraphDescriptor_Fusion
TENSILE,Graph_SAGE_Fusion_concat_chem_balanced_deep,chem_aware_balanced_gnn_fusion,GraphAndProcess,from_scratch_gnn_fusion,R2,0.6302720425234096,0.0418420318407383,GraphDescriptor_Fusion
TENSILE,Graph_GIN_Fusion_attention_chem_balanced_balanced,chem_aware_balanced_gnn_fusion,GraphAndProcess,from_scratch_gnn_fusion,R2,0.6301148462082439,0.0353753631401567,GraphDescriptor_Fusion
TENSILE,Graph_GINE_Fusion_film_chem_balanced_deep,chem_aware_balanced_gnn_fusion,GraphAndProcess,from_scratch_gnn_fusion,R2,0.6298197052732689,0.0425906790895487,GraphDescriptor_Fusion
TENSILE,Graph_GAT_Fusion_concat_chem_balanced_deep,chem_aware_balanced_gnn_fusion,GraphAndProcess,from_scratch_gnn_fusion,R2,0.6296987037813282,0.0422905174475144,GraphDescriptor_Fusion
TENSILE,Graph_SAGE_Fusion_attention_chem_balanced_wide,chem_aware_balanced_gnn_fusion,GraphAndProcess,from_scratch_gnn_fusion,R2,0.6293655325375573,0.0382765196498017,GraphDescriptor_Fusion
TENSILE,Graph_SAGE_Fusion_film_chem_balanced_deep,chem_aware_balanced_gnn_fusion,GraphAndProcess,from_scratch_gnn_fusion,R2,0.629207500127724,0.0379292731440863,GraphDescriptor_Fusion
TENSILE,Graph_GIN_Fusion_film_chem_balanced_wide,chem_aware_balanced_gnn_fusion,GraphAndProcess,from_scratch_gnn_fusion,R2,0.6292038754765722,0.0316844143247239,GraphDescriptor_Fusion
TENSILE,Graph_SAGE_Fusion_gated_chem_balanced_balanced,chem_aware_balanced_gnn_fusion,GraphAndProcess,from_scratch_gnn_fusion,R2,0.6291665232974171,0.0432981456571021,GraphDescriptor_Fusion
TENSILE,Graph_GINE_Fusion_gated_chem_balanced_deep,chem_aware_balanced_gnn_fusion,GraphAndProcess,from_scratch_gnn_fusion,R2,0.6289779819922158,0.038652315413708,GraphDescriptor_Fusion
TENSILE,Graph_GAT_Fusion_film_chem_balanced_wide,chem_aware_balanced_gnn_fusion,GraphAndProcess,from_scratch_gnn_fusion,R2,0.6287736373154416,0.0333061475919867,GraphDescriptor_Fusion
TENSILE,Graph_GIN_Fusion_film_chem_balanced_balanced,chem_aware_balanced_gnn_fusion,GraphAndProcess,from_scratch_gnn_fusion,R2,0.6284091764037454,0.0407710332603579,GraphDescriptor_Fusion
TENSILE,Graph_GINE_Fusion_attention_chem_balanced_balanced,chem_aware_balanced_gnn_fusion,GraphAndProcess,from_scratch_gnn_fusion,R2,0.6281800586221549,0.0395779033072844,GraphDescriptor_Fusion
TENSILE,Graph_GINE_Fusion_weighted_sum_chem_balanced_deep,chem_aware_balanced_gnn_fusion,GraphAndProcess,from_scratch_gnn_fusion,R2,0.6280165293290059,0.0351688744823062,GraphDescriptor_Fusion
TENSILE,Graph_GAT_Fusion_attention_chem_balanced_wide,chem_aware_balanced_gnn_fusion,GraphAndProcess,from_scratch_gnn_fusion,R2,0.6279512506954682,0.0317203156710253,GraphDescriptor_Fusion
TENSILE,Graph_GIN_Fusion_film,advanced_gnn_fusion,GraphAndProcess,from_scratch_gnn_fusion,R2,0.6278999271860826,0.0462080979959948,GraphDescriptor_Fusion
TENSILE,Graph_GAT_Fusion_film_chem_balanced_balanced,chem_aware_balanced_gnn_fusion,GraphAndProcess,from_scratch_gnn_fusion,R2,0.6276262261128478,0.0454348796027372,GraphDescriptor_Fusion
TENSILE,Graph_GINE_Fusion_concat_chem_balanced_balanced,chem_aware_balanced_gnn_fusion,GraphAndProcess,from_scratch_gnn_fusion,R2,0.6275409126066795,0.039647861141994,GraphDescriptor_Fusion
TENSILE,Graph_GCN_Fusion_concat_chem_balanced_balanced,chem_aware_balanced_gnn_fusion,GraphAndProcess,from_scratch_gnn_fusion,R2,0.6273116207773827,0.0437344561308004,GraphDescriptor_Fusion
TENSILE,Graph_GINE_Fusion_weighted_sum_chem_balanced_balanced,chem_aware_balanced_gnn_fusion,GraphAndProcess,from_scratch_gnn_fusion,R2,0.6272078817488632,0.0373072162794358,GraphDescriptor_Fusion
TENSILE,Graph_GAT_Fusion_gated_chem_balanced_wide,chem_aware_balanced_gnn_fusion,GraphAndProcess,from_scratch_gnn_fusion,R2,0.6267867701139902,0.0385144285167405,GraphDescriptor_Fusion
TENSILE,Graph_GAT_Fusion_weighted_sum_chem_balanced_deep,chem_aware_balanced_gnn_fusion,GraphAndProcess,from_scratch_gnn_fusion,R2,0.6265139618740745,0.0413819159196799,GraphDescriptor_Fusion
TENSILE,Graph_GCN_Fusion_film_chem_balanced_deep,chem_aware_balanced_gnn_fusion,GraphAndProcess,from_scratch_gnn_fusion,R2,0.626234473829494,0.0457562342136487,GraphDescriptor_Fusion
TENSILE,Graph_GAT_Fusion_weighted_sum_chem_balanced_wide,chem_aware_balanced_gnn_fusion,GraphAndProcess,from_scratch_gnn_fusion,R2,0.6254975157839996,0.0361581665686994,GraphDescriptor_Fusion
TENSILE,Graph_GCN_Fusion_attention,advanced_gnn_fusion,GraphAndProcess,from_scratch_gnn_fusion,R2,0.6253429353906494,0.032822431592526,GraphDescriptor_Fusion
TENSILE,Graph_GIN_Fusion_attention_chem_balanced_wide,chem_aware_balanced_gnn_fusion,GraphAndProcess,from_scratch_gnn_fusion,R2,0.6248467558385047,0.0391931672256586,GraphDescriptor_Fusion
TENSILE,Graph_SAGE_Fusion_concat_chem_balanced_wide,chem_aware_balanced_gnn_fusion,GraphAndProcess,from_scratch_gnn_fusion,R2,0.6245822643336535,0.0382075928074222,GraphDescriptor_Fusion
TENSILE,Graph_GCN_Fusion_concat,advanced_gnn_fusion,GraphAndProcess,from_scratch_gnn_fusion,R2,0.6243610928681507,0.0400765056853354,GraphDescriptor_Fusion
TENSILE,Graph_GAT_Fusion_weighted_sum,advanced_gnn_fusion,GraphAndProcess,from_scratch_gnn_fusion,R2,0.623075649463048,0.0403616406993934,GraphDescriptor_Fusion
TENSILE,Graph_SAGE_Fusion_weighted_sum,advanced_gnn_fusion,GraphAndProcess,from_scratch_gnn_fusion,R2,0.6229466050399787,0.042308196347752,GraphDescriptor_Fusion
TENSILE,Graph_GCN_Fusion_gated_chem_balanced_deep,chem_aware_balanced_gnn_fusion,GraphAndProcess,from_scratch_gnn_fusion,R2,0.6217927249785651,0.0425410673021139,GraphDescriptor_Fusion
TENSILE,Graph_GAT_Fusion_film,advanced_gnn_fusion,GraphAndProcess,from_scratch_gnn_fusion,R2,0.6210025479979586,0.0445742796878423,GraphDescriptor_Fusion
TENSILE,Graph_SAGE_Fusion_film,advanced_gnn_fusion,GraphAndProcess,from_scratch_gnn_fusion,R2,0.6208179585959568,0.0461456698415948,GraphDescriptor_Fusion
TENSILE,Graph_GINE_Fusion_attention,advanced_gnn_fusion,GraphAndProcess,from_scratch_gnn_fusion,R2,0.6200326736541993,0.0305807768422366,GraphDescriptor_Fusion
TENSILE,Graph_GCN_Fusion_concat_chem_balanced_wide,chem_aware_balanced_gnn_fusion,GraphAndProcess,from_scratch_gnn_fusion,R2,0.6199389972909672,0.0339166867844893,GraphDescriptor_Fusion
TENSILE,Graph_GCN_Fusion_weighted_sum,advanced_gnn_fusion,GraphAndProcess,from_scratch_gnn_fusion,R2,0.6175859749858894,0.0446523798400031,GraphDescriptor_Fusion
TENSILE,Graph_GIN_Fusion_attention,advanced_gnn_fusion,GraphAndProcess,from_scratch_gnn_fusion,R2,0.6173988242406832,0.0395377043011153,GraphDescriptor_Fusion
TENSILE,Graph_GINE_Fusion_concat,advanced_gnn_fusion,GraphAndProcess,from_scratch_gnn_fusion,R2,0.6168102080777313,0.039909947507141,GraphDescriptor_Fusion
TENSILE,Graph_GINE_Fusion_weighted_sum,advanced_gnn_fusion,GraphAndProcess,from_scratch_gnn_fusion,R2,0.6167298490687082,0.0389616317101923,GraphDescriptor_Fusion
TENSILE,Graph_GCN_Fusion_film,advanced_gnn_fusion,GraphAndProcess,from_scratch_gnn_fusion,R2,0.6158670791448418,0.042410850566319,GraphDescriptor_Fusion
TENSILE,Graph_GAT_Fusion_attention,advanced_gnn_fusion,GraphAndProcess,from_scratch_gnn_fusion,R2,0.6114050261290653,0.0392399729024872,GraphDescriptor_Fusion
TENSILE,Graph_GIN_Fusion_weighted_sum,advanced_gnn_fusion,GraphAndProcess,from_scratch_gnn_fusion,R2,0.6088845475738192,0.0371570374817942,GraphDescriptor_Fusion
TENSILE,Graph_SAGE_Fusion_attention,advanced_gnn_fusion,GraphAndProcess,from_scratch_gnn_fusion,R2,0.6084970098702221,0.0449254149434955,GraphDescriptor_Fusion
TENSILE,Graph_GINE_Fusion_film,advanced_gnn_fusion,GraphAndProcess,from_scratch_gnn_fusion,R2,0.6074524283631565,0.0407941594929569,GraphDescriptor_Fusion
TENSILE,Graph_GIN_Fusion_concat,advanced_gnn_fusion,GraphAndProcess,from_scratch_gnn_fusion,R2,0.6039018156426719,0.0413889013855326,GraphDescriptor_Fusion
TENSILE,Graph_SAGE_Fusion_concat,advanced_gnn_fusion,GraphAndProcess,from_scratch_gnn_fusion,R2,0.5996708013133635,0.0377314686092858,GraphDescriptor_Fusion
TENSILE,Graph_GAT_Fusion_concat,advanced_gnn_fusion,GraphAndProcess,from_scratch_gnn_fusion,R2,0.599294587600868,0.0523658860818819,GraphDescriptor_Fusion
TENSILE,Graph_GIN_Fusion_gated,advanced_gnn_fusion,GraphAndProcess,from_scratch_gnn_fusion,R2,0.5721601822280711,0.0510921884878916,GraphDescriptor_Fusion
TENSILE,Graph_GCN_Fusion_gated,advanced_gnn_fusion,GraphAndProcess,from_scratch_gnn_fusion,R2,0.5424688516955161,0.0453231952975173,GraphDescriptor_Fusion
TENSILE,Graph_GINE_Fusion_gated,advanced_gnn_fusion,GraphAndProcess,from_scratch_gnn_fusion,R2,0.5388468345926529,0.1241798957444058,GraphDescriptor_Fusion
TENSILE,DescriptorProcess_RbfSVMRegressor,descriptor_kernel,DescriptorProcess,from_scratch_descriptor_process,R2,0.5242113658838029,0.0516685678058972,DescriptorProcess_OtherML
TENSILE,Graph_GAT_Fusion_gated,advanced_gnn_fusion,GraphAndProcess,from_scratch_gnn_fusion,R2,0.5149158685085776,0.0891574256348554,GraphDescriptor_Fusion
TENSILE,DescriptorProcess_MLPRegressor,descriptor_nn,DescriptorProcess,from_scratch_descriptor_process,R2,0.5080577096970764,0.0830128106732813,DescriptorProcess_OtherML
TENSILE,Graph_SAGE_Fusion_gated,advanced_gnn_fusion,GraphAndProcess,from_scratch_gnn_fusion,R2,0.450549724068905,0.0670250314122386,GraphDescriptor_Fusion
TENSILE,Graph_SAGE_Fusion_graph_only,advanced_gnn_fusion,GraphAndProcess,from_scratch_gnn_fusion,R2,0.3902386188701555,0.0592464299690483,Plain_GNN
TENSILE,Graph_GAT_Fusion_graph_only,advanced_gnn_fusion,GraphAndProcess,from_scratch_gnn_fusion,R2,0.3658592866871294,0.0937469956323679,Plain_GNN
TENSILE,Graph_GIN_Fusion_graph_only,advanced_gnn_fusion,GraphAndProcess,from_scratch_gnn_fusion,R2,0.3569124436783286,0.0506938721475465,Plain_GNN
TENSILE,Graph_GINE_Fusion_graph_only,advanced_gnn_fusion,GraphAndProcess,from_scratch_gnn_fusion,R2,0.3424017278970391,0.0614129230346891,Plain_GNN
TENSILE,Graph_GCN_Fusion_graph_only,advanced_gnn_fusion,GraphAndProcess,from_scratch_gnn_fusion,R2,0.3061915370179618,0.0811323213681216,Plain_GNN
TENSILE,DescriptorProcess_BayesianRidgeRegressor,descriptor_linear,DescriptorProcess,from_scratch_descriptor_process,R2,0.2588403991305837,0.064655606587749,DescriptorProcess_OtherML
TENSILE,DescriptorProcess_ElasticNetRegressor,descriptor_linear,DescriptorProcess,from_scratch_descriptor_process,R2,0.2518155743722218,0.0709758648640451,DescriptorProcess_OtherML
TENSILE,DescriptorProcess_RidgeRegressor,descriptor_linear,DescriptorProcess,from_scratch_descriptor_process,R2,0.2430840649910507,0.0793309859801087,DescriptorProcess_OtherML
Tg,DescriptorProcess_TabICLRegressor,descriptor_tabicl,DescriptorProcess,from_scratch_descriptor_process,R2,0.903343784513556,0.0104568163677741,DescriptorProcess_TabICL
Tg,DescriptorProcess_TabPFNRegressor,descriptor_tabpfn,DescriptorProcess,from_scratch_descriptor_process,R2,0.891930743141954,0.0087676849109046,DescriptorProcess_TabPFN
Tg,DescriptorProcess_LightGBMRegressor,descriptor_boosting,DescriptorProcess,from_scratch_descriptor_process,R2,0.8815912459209138,0.0265540922835235,DescriptorProcess_Boosting
Tg,DescriptorProcess_XGBoostRegressor,descriptor_boosting,DescriptorProcess,from_scratch_descriptor_process,R2,0.8779606975151489,0.0155736622920284,DescriptorProcess_Boosting
Tg,DescriptorProcess_RandomForestRegressor,descriptor_tree,DescriptorProcess,from_scratch_descriptor_process,R2,0.8762146737247747,0.0236818226463591,DescriptorProcess_Bagging
Tg,DescriptorProcess_GradientBoostingRegressor,descriptor_boosting,DescriptorProcess,from_scratch_descriptor_process,R2,0.8748795228854626,0.0189760987184491,DescriptorProcess_Boosting
Tg,DescriptorProcess_CatBoostRegressor,descriptor_boosting,DescriptorProcess,from_scratch_descriptor_process,R2,0.8729094064749352,0.0177580362582763,DescriptorProcess_Boosting
Tg,Graph_GINE_Fusion_film_chem_balanced_wide,chem_aware_balanced_gnn_fusion,GraphAndProcess,from_scratch_gnn_fusion,R2,0.8640764193663102,0.025085952293482,GraphDescriptor_Fusion
Tg,Graph_GINE_Fusion_attention_chem_balanced_wide,chem_aware_balanced_gnn_fusion,GraphAndProcess,from_scratch_gnn_fusion,R2,0.8635159844211453,0.0249903808360603,GraphDescriptor_Fusion
Tg,Graph_SAGE_Fusion_weighted_sum_chem_balanced_balanced,chem_aware_balanced_gnn_fusion,GraphAndProcess,from_scratch_gnn_fusion,R2,0.8632292000589089,0.0231273004020298,GraphDescriptor_Fusion
Tg,Graph_SAGE_Fusion_concat_chem_balanced_balanced,chem_aware_balanced_gnn_fusion,GraphAndProcess,from_scratch_gnn_fusion,R2,0.862980097503263,0.0216147992323069,GraphDescriptor_Fusion
Tg,Graph_GAT_Fusion_attention_chem_balanced_wide,chem_aware_balanced_gnn_fusion,GraphAndProcess,from_scratch_gnn_fusion,R2,0.8629080133575633,0.0208053882883434,GraphDescriptor_Fusion
Tg,Graph_SAGE_Fusion_film_chem_balanced_wide,chem_aware_balanced_gnn_fusion,GraphAndProcess,from_scratch_gnn_fusion,R2,0.8628968991563994,0.0253453121833088,GraphDescriptor_Fusion
Tg,Graph_GCN_Fusion_gated_chem_balanced_wide,chem_aware_balanced_gnn_fusion,GraphAndProcess,from_scratch_gnn_fusion,R2,0.862572339608602,0.0218044242706179,GraphDescriptor_Fusion
Tg,Graph_GIN_Fusion_film_chem_balanced_wide,chem_aware_balanced_gnn_fusion,GraphAndProcess,from_scratch_gnn_fusion,R2,0.8625694311786265,0.0271871560984058,GraphDescriptor_Fusion
Tg,Graph_GIN_Fusion_film_chem_balanced_balanced,chem_aware_balanced_gnn_fusion,GraphAndProcess,from_scratch_gnn_fusion,R2,0.8622876525123789,0.0220483726562778,GraphDescriptor_Fusion
Tg,Graph_GCN_Fusion_attention_chem_balanced_wide,chem_aware_balanced_gnn_fusion,GraphAndProcess,from_scratch_gnn_fusion,R2,0.8622430366939255,0.026771484219294,GraphDescriptor_Fusion
Tg,Graph_GIN_Fusion_concat_chem_balanced_balanced,chem_aware_balanced_gnn_fusion,GraphAndProcess,from_scratch_gnn_fusion,R2,0.8619441341390532,0.0244024728995068,GraphDescriptor_Fusion
Tg,Graph_SAGE_Fusion_attention_chem_balanced_balanced,chem_aware_balanced_gnn_fusion,GraphAndProcess,from_scratch_gnn_fusion,R2,0.8618781240588742,0.0230756805551801,GraphDescriptor_Fusion
Tg,Graph_GINE_Fusion_gated_chem_balanced_deep,chem_aware_balanced_gnn_fusion,GraphAndProcess,from_scratch_gnn_fusion,R2,0.8616897323534187,0.0245265583017527,GraphDescriptor_Fusion
Tg,Graph_GCN_Fusion_film_chem_balanced_wide,chem_aware_balanced_gnn_fusion,GraphAndProcess,from_scratch_gnn_fusion,R2,0.8616892591395858,0.0232859013620476,GraphDescriptor_Fusion
Tg,Graph_SAGE_Fusion_weighted_sum_chem_balanced_deep,chem_aware_balanced_gnn_fusion,GraphAndProcess,from_scratch_gnn_fusion,R2,0.8615687667210136,0.0259711271170538,GraphDescriptor_Fusion
Tg,Graph_GAT_Fusion_gated_chem_balanced_wide,chem_aware_balanced_gnn_fusion,GraphAndProcess,from_scratch_gnn_fusion,R2,0.8615348586298854,0.0246202625234632,GraphDescriptor_Fusion
Tg,Graph_GAT_Fusion_concat_chem_balanced_wide,chem_aware_balanced_gnn_fusion,GraphAndProcess,from_scratch_gnn_fusion,R2,0.8615265689721554,0.0264547624661256,GraphDescriptor_Fusion
Tg,Graph_GAT_Fusion_concat_chem_balanced_balanced,chem_aware_balanced_gnn_fusion,GraphAndProcess,from_scratch_gnn_fusion,R2,0.8612349333335221,0.0228567528028278,GraphDescriptor_Fusion
Tg,Graph_GAT_Fusion_weighted_sum_chem_balanced_balanced,chem_aware_balanced_gnn_fusion,GraphAndProcess,from_scratch_gnn_fusion,R2,0.8609844975092773,0.0236630374076341,GraphDescriptor_Fusion
Tg,Graph_GIN_Fusion_attention_chem_balanced_wide,chem_aware_balanced_gnn_fusion,GraphAndProcess,from_scratch_gnn_fusion,R2,0.8608691273614975,0.0278492481427689,GraphDescriptor_Fusion
Tg,Graph_GINE_Fusion_concat_chem_balanced_balanced,chem_aware_balanced_gnn_fusion,GraphAndProcess,from_scratch_gnn_fusion,R2,0.8605917386520838,0.0276712926393358,GraphDescriptor_Fusion
Tg,Graph_GCN_Fusion_concat_chem_balanced_balanced,chem_aware_balanced_gnn_fusion,GraphAndProcess,from_scratch_gnn_fusion,R2,0.8605576115546727,0.0258543357535875,GraphDescriptor_Fusion
Tg,Graph_GCN_Fusion_concat_chem_balanced_wide,chem_aware_balanced_gnn_fusion,GraphAndProcess,from_scratch_gnn_fusion,R2,0.8605279324849784,0.0266404937498344,GraphDescriptor_Fusion
Tg,Graph_GCN_Fusion_attention_chem_balanced_balanced,chem_aware_balanced_gnn_fusion,GraphAndProcess,from_scratch_gnn_fusion,R2,0.8604957724699188,0.0226030676061142,GraphDescriptor_Fusion
Tg,Graph_GIN_Fusion_attention_chem_balanced_balanced,chem_aware_balanced_gnn_fusion,GraphAndProcess,from_scratch_gnn_fusion,R2,0.8604318483343659,0.0263440100118026,GraphDescriptor_Fusion
Tg,DescriptorProcess_ExtraTreesRegressor,descriptor_tree,DescriptorProcess,from_scratch_descriptor_process,R2,0.8600246583013803,0.0241359004933656,DescriptorProcess_Bagging
Tg,Graph_GCN_Fusion_film_chem_balanced_balanced,chem_aware_balanced_gnn_fusion,GraphAndProcess,from_scratch_gnn_fusion,R2,0.8600130409244932,0.0214100329526768,GraphDescriptor_Fusion
Tg,Graph_GAT_Fusion_gated_chem_balanced_balanced,chem_aware_balanced_gnn_fusion,GraphAndProcess,from_scratch_gnn_fusion,R2,0.8599385589205024,0.0235614410192356,GraphDescriptor_Fusion
Tg,Graph_GIN_Fusion_film_chem_balanced_deep,chem_aware_balanced_gnn_fusion,GraphAndProcess,from_scratch_gnn_fusion,R2,0.8599306841159547,0.0232515290630109,GraphDescriptor_Fusion
Tg,Graph_SAGE_Fusion_weighted_sum_chem_balanced_wide,chem_aware_balanced_gnn_fusion,GraphAndProcess,from_scratch_gnn_fusion,R2,0.8597802826329062,0.0279122895521454,GraphDescriptor_Fusion
Tg,Graph_GIN_Fusion_concat_chem_balanced_wide,chem_aware_balanced_gnn_fusion,GraphAndProcess,from_scratch_gnn_fusion,R2,0.8596379190705944,0.0285058590223646,GraphDescriptor_Fusion
Tg,Graph_GIN_Fusion_gated_chem_balanced_deep,chem_aware_balanced_gnn_fusion,GraphAndProcess,from_scratch_gnn_fusion,R2,0.8594799416533683,0.026391616532071,GraphDescriptor_Fusion
Tg,Graph_SAGE_Fusion_gated_chem_balanced_deep,chem_aware_balanced_gnn_fusion,GraphAndProcess,from_scratch_gnn_fusion,R2,0.8594672037448865,0.0228802121061646,GraphDescriptor_Fusion
Tg,Graph_GINE_Fusion_concat_chem_balanced_wide,chem_aware_balanced_gnn_fusion,GraphAndProcess,from_scratch_gnn_fusion,R2,0.8594557866435611,0.0289906542223397,GraphDescriptor_Fusion
Tg,Graph_GCN_Fusion_concat_chem_balanced_deep,chem_aware_balanced_gnn_fusion,GraphAndProcess,from_scratch_gnn_fusion,R2,0.8592260307923576,0.0232206266526414,GraphDescriptor_Fusion
Tg,Graph_GAT_Fusion_attention_chem_balanced_deep,chem_aware_balanced_gnn_fusion,GraphAndProcess,from_scratch_gnn_fusion,R2,0.8591546893297348,0.0233104446837831,GraphDescriptor_Fusion
Tg,Graph_GAT_Fusion_film_chem_balanced_balanced,chem_aware_balanced_gnn_fusion,GraphAndProcess,from_scratch_gnn_fusion,R2,0.8587448043312091,0.0219442270353755,GraphDescriptor_Fusion
Tg,Graph_SAGE_Fusion_film_chem_balanced_balanced,chem_aware_balanced_gnn_fusion,GraphAndProcess,from_scratch_gnn_fusion,R2,0.8583357764272866,0.0223924856448336,GraphDescriptor_Fusion
Tg,Graph_GAT_Fusion_weighted_sum_chem_balanced_wide,chem_aware_balanced_gnn_fusion,GraphAndProcess,from_scratch_gnn_fusion,R2,0.8582944943009764,0.0285903052392629,GraphDescriptor_Fusion
Tg,Graph_SAGE_Fusion_concat_chem_balanced_wide,chem_aware_balanced_gnn_fusion,GraphAndProcess,from_scratch_gnn_fusion,R2,0.8582616725405874,0.027119012927813,GraphDescriptor_Fusion
Tg,Graph_GCN_Fusion_weighted_sum_chem_balanced_balanced,chem_aware_balanced_gnn_fusion,GraphAndProcess,from_scratch_gnn_fusion,R2,0.8581252913556814,0.0234911631123464,GraphDescriptor_Fusion
Tg,Graph_GCN_Fusion_attention_chem_balanced_deep,chem_aware_balanced_gnn_fusion,GraphAndProcess,from_scratch_gnn_fusion,R2,0.8579910356190139,0.0280635491192624,GraphDescriptor_Fusion
Tg,Graph_SAGE_Fusion_attention_chem_balanced_wide,chem_aware_balanced_gnn_fusion,GraphAndProcess,from_scratch_gnn_fusion,R2,0.8579282035400404,0.0235722402961183,GraphDescriptor_Fusion
Tg,Graph_GINE_Fusion_weighted_sum_chem_balanced_balanced,chem_aware_balanced_gnn_fusion,GraphAndProcess,from_scratch_gnn_fusion,R2,0.8579087208367759,0.0238446149657864,GraphDescriptor_Fusion
Tg,Graph_GINE_Fusion_gated_chem_balanced_balanced,chem_aware_balanced_gnn_fusion,GraphAndProcess,from_scratch_gnn_fusion,R2,0.8578788309477849,0.0245927361614093,GraphDescriptor_Fusion
Tg,Graph_GCN_Fusion_weighted_sum_chem_balanced_deep,chem_aware_balanced_gnn_fusion,GraphAndProcess,from_scratch_gnn_fusion,R2,0.8578504101331635,0.0199954871765942,GraphDescriptor_Fusion
Tg,Graph_GINE_Fusion_attention_chem_balanced_balanced,chem_aware_balanced_gnn_fusion,GraphAndProcess,from_scratch_gnn_fusion,R2,0.8575789231714361,0.0238314723493353,GraphDescriptor_Fusion
Tg,Graph_GCN_Fusion_gated_chem_balanced_deep,chem_aware_balanced_gnn_fusion,GraphAndProcess,from_scratch_gnn_fusion,R2,0.8575265371476979,0.020963836692835,GraphDescriptor_Fusion
Tg,Graph_SAGE_Fusion_concat_chem_balanced_deep,chem_aware_balanced_gnn_fusion,GraphAndProcess,from_scratch_gnn_fusion,R2,0.8574349857631992,0.0264812848761361,GraphDescriptor_Fusion
Tg,Graph_GINE_Fusion_weighted_sum_chem_balanced_wide,chem_aware_balanced_gnn_fusion,GraphAndProcess,from_scratch_gnn_fusion,R2,0.8573814324982036,0.0264143637018903,GraphDescriptor_Fusion
Tg,Graph_GAT_Fusion_weighted_sum_chem_balanced_deep,chem_aware_balanced_gnn_fusion,GraphAndProcess,from_scratch_gnn_fusion,R2,0.8570694979556761,0.0253155247999941,GraphDescriptor_Fusion
Tg,Graph_GINE_Fusion_attention_chem_balanced_deep,chem_aware_balanced_gnn_fusion,GraphAndProcess,from_scratch_gnn_fusion,R2,0.857045779455796,0.0235280621691743,GraphDescriptor_Fusion
Tg,Graph_GCN_Fusion_weighted_sum_chem_balanced_wide,chem_aware_balanced_gnn_fusion,GraphAndProcess,from_scratch_gnn_fusion,R2,0.8570449334751122,0.0227415010741359,GraphDescriptor_Fusion
Tg,Graph_GIN_Fusion_weighted_sum_chem_balanced_wide,chem_aware_balanced_gnn_fusion,GraphAndProcess,from_scratch_gnn_fusion,R2,0.8569761458954327,0.027485879896724,GraphDescriptor_Fusion
Tg,Graph_GIN_Fusion_gated_chem_balanced_wide,chem_aware_balanced_gnn_fusion,GraphAndProcess,from_scratch_gnn_fusion,R2,0.8569498908383297,0.0276848854647435,GraphDescriptor_Fusion
Tg,Graph_GINE_Fusion_film_chem_balanced_deep,chem_aware_balanced_gnn_fusion,GraphAndProcess,from_scratch_gnn_fusion,R2,0.8568067341217785,0.0248077761650322,GraphDescriptor_Fusion
Tg,Graph_GIN_Fusion_concat_chem_balanced_deep,chem_aware_balanced_gnn_fusion,GraphAndProcess,from_scratch_gnn_fusion,R2,0.8563171044612752,0.0279842630945174,GraphDescriptor_Fusion
Tg,Graph_GAT_Fusion_gated_chem_balanced_deep,chem_aware_balanced_gnn_fusion,GraphAndProcess,from_scratch_gnn_fusion,R2,0.8558243067309839,0.0214521821516646,GraphDescriptor_Fusion
Tg,Graph_GCN_Fusion_gated_chem_balanced_balanced,chem_aware_balanced_gnn_fusion,GraphAndProcess,from_scratch_gnn_fusion,R2,0.8557472459733878,0.0218960987993491,GraphDescriptor_Fusion
Tg,Graph_GAT_Fusion_attention_chem_balanced_balanced,chem_aware_balanced_gnn_fusion,GraphAndProcess,from_scratch_gnn_fusion,R2,0.855702500085005,0.0275532867665486,GraphDescriptor_Fusion
Tg,Graph_GIN_Fusion_weighted_sum_chem_balanced_deep,chem_aware_balanced_gnn_fusion,GraphAndProcess,from_scratch_gnn_fusion,R2,0.8555234585544864,0.0304118227539335,GraphDescriptor_Fusion
Tg,Graph_GINE_Fusion_film_chem_balanced_balanced,chem_aware_balanced_gnn_fusion,GraphAndProcess,from_scratch_gnn_fusion,R2,0.8555159115570005,0.0167200198150649,GraphDescriptor_Fusion
Tg,Graph_SAGE_Fusion_attention_chem_balanced_deep,chem_aware_balanced_gnn_fusion,GraphAndProcess,from_scratch_gnn_fusion,R2,0.8551888246530034,0.0233172373220651,GraphDescriptor_Fusion
Tg,Graph_GAT_Fusion_film_chem_balanced_wide,chem_aware_balanced_gnn_fusion,GraphAndProcess,from_scratch_gnn_fusion,R2,0.8551760683801788,0.020813623463289,GraphDescriptor_Fusion
Tg,Graph_SAGE_Fusion_film_chem_balanced_deep,chem_aware_balanced_gnn_fusion,GraphAndProcess,from_scratch_gnn_fusion,R2,0.8550267147096854,0.0220332506192788,GraphDescriptor_Fusion
Tg,Graph_SAGE_Fusion_gated_chem_balanced_wide,chem_aware_balanced_gnn_fusion,GraphAndProcess,from_scratch_gnn_fusion,R2,0.8548811394270114,0.0287951433136922,GraphDescriptor_Fusion
Tg,Graph_GIN_Fusion_gated_chem_balanced_balanced,chem_aware_balanced_gnn_fusion,GraphAndProcess,from_scratch_gnn_fusion,R2,0.8545657900378757,0.0292990309824364,GraphDescriptor_Fusion
Tg,Graph_GINE_Fusion_concat_chem_balanced_deep,chem_aware_balanced_gnn_fusion,GraphAndProcess,from_scratch_gnn_fusion,R2,0.854309422750888,0.0235442142502625,GraphDescriptor_Fusion
Tg,Graph_GCN_Fusion_film_chem_balanced_deep,chem_aware_balanced_gnn_fusion,GraphAndProcess,from_scratch_gnn_fusion,R2,0.8543007421150307,0.027835312391258,GraphDescriptor_Fusion
Tg,Graph_GINE_Fusion_gated_chem_balanced_wide,chem_aware_balanced_gnn_fusion,GraphAndProcess,from_scratch_gnn_fusion,R2,0.8540334106957138,0.0355499909461496,GraphDescriptor_Fusion
Tg,Graph_GIN_Fusion_weighted_sum_chem_balanced_balanced,chem_aware_balanced_gnn_fusion,GraphAndProcess,from_scratch_gnn_fusion,R2,0.8538396642812298,0.0306285155576584,GraphDescriptor_Fusion
Tg,Graph_GAT_Fusion_concat_chem_balanced_deep,chem_aware_balanced_gnn_fusion,GraphAndProcess,from_scratch_gnn_fusion,R2,0.8537138183486075,0.0191784507676044,GraphDescriptor_Fusion
Tg,Graph_GAT_Fusion_film_chem_balanced_deep,chem_aware_balanced_gnn_fusion,GraphAndProcess,from_scratch_gnn_fusion,R2,0.8532795830942022,0.0314134302193838,GraphDescriptor_Fusion
Tg,Graph_GIN_Fusion_attention_chem_balanced_deep,chem_aware_balanced_gnn_fusion,GraphAndProcess,from_scratch_gnn_fusion,R2,0.8530465478604409,0.0264043926462754,GraphDescriptor_Fusion
Tg,Graph_GINE_Fusion_weighted_sum_chem_balanced_deep,chem_aware_balanced_gnn_fusion,GraphAndProcess,from_scratch_gnn_fusion,R2,0.8521507752651377,0.0215817311661479,GraphDescriptor_Fusion
Tg,Graph_SAGE_Fusion_gated_chem_balanced_balanced,chem_aware_balanced_gnn_fusion,GraphAndProcess,from_scratch_gnn_fusion,R2,0.8502767855009061,0.0294742915640892,GraphDescriptor_Fusion
Tg,Graph_GCN_Fusion_weighted_sum,advanced_gnn_fusion,GraphAndProcess,from_scratch_gnn_fusion,R2,0.8449153174437489,0.038827219548042,GraphDescriptor_Fusion
Tg,Graph_GINE_Fusion_weighted_sum,advanced_gnn_fusion,GraphAndProcess,from_scratch_gnn_fusion,R2,0.8435351392911125,0.0192545620257488,GraphDescriptor_Fusion
Tg,Graph_GIN_Fusion_weighted_sum,advanced_gnn_fusion,GraphAndProcess,from_scratch_gnn_fusion,R2,0.8401862731008286,0.0266512740403563,GraphDescriptor_Fusion
Tg,Graph_SAGE_Fusion_weighted_sum,advanced_gnn_fusion,GraphAndProcess,from_scratch_gnn_fusion,R2,0.8389567797051811,0.0454753570958629,GraphDescriptor_Fusion
Tg,Graph_GIN_Fusion_concat,advanced_gnn_fusion,GraphAndProcess,from_scratch_gnn_fusion,R2,0.8384321288918697,0.0360442456492477,GraphDescriptor_Fusion
Tg,Graph_GINE_Fusion_concat,advanced_gnn_fusion,GraphAndProcess,from_scratch_gnn_fusion,R2,0.837890816366388,0.0260665211868345,GraphDescriptor_Fusion
Tg,Graph_GCN_Fusion_film,advanced_gnn_fusion,GraphAndProcess,from_scratch_gnn_fusion,R2,0.8370990887400552,0.024131446040868,GraphDescriptor_Fusion
Tg,Graph_SAGE_Fusion_film,advanced_gnn_fusion,GraphAndProcess,from_scratch_gnn_fusion,R2,0.8350146583422757,0.0333168937456737,GraphDescriptor_Fusion
Tg,Graph_GCN_Fusion_concat,advanced_gnn_fusion,GraphAndProcess,from_scratch_gnn_fusion,R2,0.8329103780981357,0.0257955031574644,GraphDescriptor_Fusion
Tg,Graph_GINE_Fusion_attention,advanced_gnn_fusion,GraphAndProcess,from_scratch_gnn_fusion,R2,0.8281045879469409,0.030262573561207,GraphDescriptor_Fusion
Tg,Graph_GINE_Fusion_film,advanced_gnn_fusion,GraphAndProcess,from_scratch_gnn_fusion,R2,0.8248534683824102,0.0450309181036991,GraphDescriptor_Fusion
Tg,Graph_GIN_Fusion_film,advanced_gnn_fusion,GraphAndProcess,from_scratch_gnn_fusion,R2,0.8246520337007226,0.0415475704780574,GraphDescriptor_Fusion
Tg,Graph_SAGE_Fusion_concat,advanced_gnn_fusion,GraphAndProcess,from_scratch_gnn_fusion,R2,0.8245905889782204,0.0385140095407958,GraphDescriptor_Fusion
Tg,Graph_GAT_Fusion_weighted_sum,advanced_gnn_fusion,GraphAndProcess,from_scratch_gnn_fusion,R2,0.8216279876064274,0.0384820682199185,GraphDescriptor_Fusion
Tg,Graph_GAT_Fusion_film,advanced_gnn_fusion,GraphAndProcess,from_scratch_gnn_fusion,R2,0.8204890108664286,0.0420415045277352,GraphDescriptor_Fusion
Tg,Graph_GAT_Fusion_attention,advanced_gnn_fusion,GraphAndProcess,from_scratch_gnn_fusion,R2,0.816788827856388,0.0341659503588806,GraphDescriptor_Fusion
Tg,Graph_GAT_Fusion_concat,advanced_gnn_fusion,GraphAndProcess,from_scratch_gnn_fusion,R2,0.8136520335234095,0.0402298425521064,GraphDescriptor_Fusion
Tg,Graph_SAGE_Fusion_attention,advanced_gnn_fusion,GraphAndProcess,from_scratch_gnn_fusion,R2,0.812332483235479,0.03716535388273,GraphDescriptor_Fusion
Tg,Graph_GCN_Fusion_attention,advanced_gnn_fusion,GraphAndProcess,from_scratch_gnn_fusion,R2,0.8091794468832783,0.0408613101814468,GraphDescriptor_Fusion
Tg,Graph_GINE_Fusion_gated,advanced_gnn_fusion,GraphAndProcess,from_scratch_gnn_fusion,R2,0.8076675836497185,0.0526645782400311,GraphDescriptor_Fusion
Tg,Graph_GIN_Fusion_attention,advanced_gnn_fusion,GraphAndProcess,from_scratch_gnn_fusion,R2,0.8048402727756312,0.0467314097302691,GraphDescriptor_Fusion
Tg,Graph_GIN_Fusion_gated,advanced_gnn_fusion,GraphAndProcess,from_scratch_gnn_fusion,R2,0.7926347922985217,0.0451815549718481,GraphDescriptor_Fusion
Tg,DescriptorProcess_MLPRegressor,descriptor_nn,DescriptorProcess,from_scratch_descriptor_process,R2,0.7219176189424752,0.1071992130640068,DescriptorProcess_OtherML
Tg,DescriptorProcess_RbfSVMRegressor,descriptor_kernel,DescriptorProcess,from_scratch_descriptor_process,R2,0.6702277771821052,0.0399200271828716,DescriptorProcess_OtherML
Tg,DescriptorProcess_ElasticNetRegressor,descriptor_linear,DescriptorProcess,from_scratch_descriptor_process,R2,0.655818078903127,0.0558865785262808,DescriptorProcess_OtherML
Tg,DescriptorProcess_BayesianRidgeRegressor,descriptor_linear,DescriptorProcess,from_scratch_descriptor_process,R2,0.6557818518096703,0.0555165258937139,DescriptorProcess_OtherML
Tg,DescriptorProcess_RidgeRegressor,descriptor_linear,DescriptorProcess,from_scratch_descriptor_process,R2,0.6495370966954649,0.0597331504995562,DescriptorProcess_OtherML
Tg,Graph_GINE_Fusion_graph_only,advanced_gnn_fusion,GraphAndProcess,from_scratch_gnn_fusion,R2,0.6319643564744277,0.0778167368486525,Plain_GNN
Tg,Graph_SAGE_Fusion_graph_only,advanced_gnn_fusion,GraphAndProcess,from_scratch_gnn_fusion,R2,0.6123821335814321,0.0809968343538628,Plain_GNN
Tg,Graph_GIN_Fusion_graph_only,advanced_gnn_fusion,GraphAndProcess,from_scratch_gnn_fusion,R2,0.6065346697015597,0.0714036987057429,Plain_GNN
Tg,Graph_GAT_Fusion_graph_only,advanced_gnn_fusion,GraphAndProcess,from_scratch_gnn_fusion,R2,0.5941509807097496,0.1109260727314477,Plain_GNN
Tg,Graph_SAGE_Fusion_gated,advanced_gnn_fusion,GraphAndProcess,from_scratch_gnn_fusion,R2,0.5930451819061555,0.1368948672092834,GraphDescriptor_Fusion
Tg,Graph_GCN_Fusion_graph_only,advanced_gnn_fusion,GraphAndProcess,from_scratch_gnn_fusion,R2,0.5856625709337194,0.0675729517922998,Plain_GNN
Tg,Graph_GCN_Fusion_gated,advanced_gnn_fusion,GraphAndProcess,from_scratch_gnn_fusion,R2,0.5601917567809787,0.1101261439318246,GraphDescriptor_Fusion
Tg,Graph_GAT_Fusion_gated,advanced_gnn_fusion,GraphAndProcess,from_scratch_gnn_fusion,R2,0.4918899524913941,0.2296694007004072,GraphDescriptor_Fusion
UL94,DescriptorProcess_TabICLClassifier,descriptor_tabicl,DescriptorProcess,from_scratch_descriptor_process,AUC,0.9025997883363036,0.0100737950835192,DescriptorProcess_TabICL
UL94,DescriptorProcess_LightGBMClassifier,descriptor_boosting,DescriptorProcess,from_scratch_descriptor_process,AUC,0.8768404541840834,0.0064543350798182,DescriptorProcess_Boosting
UL94,DescriptorProcess_TabPFNClassifier,descriptor_tabpfn,DescriptorProcess,from_scratch_descriptor_process,AUC,0.8744256411236269,0.0082101459593282,DescriptorProcess_TabPFN
UL94,DescriptorProcess_CatBoostClassifier,descriptor_boosting,DescriptorProcess,from_scratch_descriptor_process,AUC,0.8742544663906546,0.010521671987853,DescriptorProcess_Boosting
UL94,DescriptorProcess_XGBoostClassifier,descriptor_boosting,DescriptorProcess,from_scratch_descriptor_process,AUC,0.871236531039495,0.0076359053799445,DescriptorProcess_Boosting
UL94,DescriptorProcess_GradientBoostingClassifier,descriptor_boosting,DescriptorProcess,from_scratch_descriptor_process,AUC,0.8580578239182168,0.0102317214372022,DescriptorProcess_Boosting
UL94,DescriptorProcess_RandomForestClassifier,descriptor_tree,DescriptorProcess,from_scratch_descriptor_process,AUC,0.8489362386198673,0.0140375717755098,DescriptorProcess_Bagging
UL94,Graph_SAGE_Fusion_weighted_sum_chem_balanced_balanced,chem_aware_balanced_gnn_fusion,GraphAndProcess,from_scratch_gnn_fusion,AUC,0.8441922433747759,0.0117111752178322,GraphDescriptor_Fusion
UL94,Graph_SAGE_Fusion_weighted_sum_chem_balanced_wide,chem_aware_balanced_gnn_fusion,GraphAndProcess,from_scratch_gnn_fusion,AUC,0.8429856292895215,0.009207651127029,GraphDescriptor_Fusion
UL94,Graph_GAT_Fusion_weighted_sum_chem_balanced_balanced,chem_aware_balanced_gnn_fusion,GraphAndProcess,from_scratch_gnn_fusion,AUC,0.8428770309637172,0.0101162169217258,GraphDescriptor_Fusion
UL94,Graph_GAT_Fusion_weighted_sum_chem_balanced_wide,chem_aware_balanced_gnn_fusion,GraphAndProcess,from_scratch_gnn_fusion,AUC,0.8408168049395531,0.014866284469703,GraphDescriptor_Fusion
UL94,Graph_GIN_Fusion_weighted_sum_chem_balanced_wide,chem_aware_balanced_gnn_fusion,GraphAndProcess,from_scratch_gnn_fusion,AUC,0.8401206050037169,0.0095652551780668,GraphDescriptor_Fusion
UL94,Graph_GIN_Fusion_attention,advanced_gnn_fusion,GraphAndProcess,from_scratch_gnn_fusion,AUC,0.8357507514745868,0.0041839790215315,GraphDescriptor_Fusion
UL94,Graph_GCN_Fusion_weighted_sum,advanced_gnn_fusion,GraphAndProcess,from_scratch_gnn_fusion,AUC,0.8355120434167185,0.0122057189259038,GraphDescriptor_Fusion
UL94,Graph_GIN_Fusion_weighted_sum_chem_balanced_deep,chem_aware_balanced_gnn_fusion,GraphAndProcess,from_scratch_gnn_fusion,AUC,0.8345005855748996,0.0103801575006887,GraphDescriptor_Fusion
UL94,Graph_GCN_Fusion_gated,advanced_gnn_fusion,GraphAndProcess,from_scratch_gnn_fusion,AUC,0.8339785152093014,0.0078244187056282,GraphDescriptor_Fusion
UL94,Graph_GINE_Fusion_weighted_sum_chem_balanced_wide,chem_aware_balanced_gnn_fusion,GraphAndProcess,from_scratch_gnn_fusion,AUC,0.8330951502628008,0.0130816295270438,GraphDescriptor_Fusion
UL94,Graph_GINE_Fusion_gated_chem_balanced_wide,chem_aware_balanced_gnn_fusion,GraphAndProcess,from_scratch_gnn_fusion,AUC,0.8328465268504466,0.00954109361714,GraphDescriptor_Fusion
UL94,Graph_GIN_Fusion_weighted_sum,advanced_gnn_fusion,GraphAndProcess,from_scratch_gnn_fusion,AUC,0.83259737600946,0.0128607004583484,GraphDescriptor_Fusion
UL94,Graph_SAGE_Fusion_weighted_sum,advanced_gnn_fusion,GraphAndProcess,from_scratch_gnn_fusion,AUC,0.83202604054367,0.0107706901731722,GraphDescriptor_Fusion
UL94,Graph_SAGE_Fusion_film_chem_balanced_wide,chem_aware_balanced_gnn_fusion,GraphAndProcess,from_scratch_gnn_fusion,AUC,0.8319913650677627,0.0127123168656238,GraphDescriptor_Fusion
UL94,Graph_GAT_Fusion_concat_chem_balanced_deep,chem_aware_balanced_gnn_fusion,GraphAndProcess,from_scratch_gnn_fusion,AUC,0.83181519321704,0.0103683565186966,GraphDescriptor_Fusion
UL94,Graph_GAT_Fusion_film_chem_balanced_wide,chem_aware_balanced_gnn_fusion,GraphAndProcess,from_scratch_gnn_fusion,AUC,0.8315151395996498,0.0097273761616449,GraphDescriptor_Fusion
UL94,Graph_GINE_Fusion_film,advanced_gnn_fusion,GraphAndProcess,from_scratch_gnn_fusion,AUC,0.8312548841670807,0.0047783447468047,GraphDescriptor_Fusion
UL94,Graph_GINE_Fusion_concat,advanced_gnn_fusion,GraphAndProcess,from_scratch_gnn_fusion,AUC,0.8311124810945968,0.00665841979261,GraphDescriptor_Fusion
UL94,Graph_GAT_Fusion_concat_chem_balanced_balanced,chem_aware_balanced_gnn_fusion,GraphAndProcess,from_scratch_gnn_fusion,AUC,0.8310339784259664,0.010565187005122,GraphDescriptor_Fusion
UL94,Graph_GINE_Fusion_weighted_sum_chem_balanced_deep,chem_aware_balanced_gnn_fusion,GraphAndProcess,from_scratch_gnn_fusion,AUC,0.8310266179700632,0.0085008312111328,GraphDescriptor_Fusion
UL94,Graph_GAT_Fusion_concat,advanced_gnn_fusion,GraphAndProcess,from_scratch_gnn_fusion,AUC,0.8308748367369135,0.0097945907230127,GraphDescriptor_Fusion
UL94,Graph_SAGE_Fusion_weighted_sum_chem_balanced_deep,chem_aware_balanced_gnn_fusion,GraphAndProcess,from_scratch_gnn_fusion,AUC,0.8307608662016527,0.0087595228613871,GraphDescriptor_Fusion
UL94,Graph_GINE_Fusion_attention,advanced_gnn_fusion,GraphAndProcess,from_scratch_gnn_fusion,AUC,0.8307567709532281,0.0059134270108255,GraphDescriptor_Fusion
UL94,Graph_GINE_Fusion_attention_chem_balanced_wide,chem_aware_balanced_gnn_fusion,GraphAndProcess,from_scratch_gnn_fusion,AUC,0.8307565561191008,0.0142418086218302,GraphDescriptor_Fusion
UL94,Graph_GIN_Fusion_gated,advanced_gnn_fusion,GraphAndProcess,from_scratch_gnn_fusion,AUC,0.8305766387221718,0.0102365564634617,GraphDescriptor_Fusion
UL94,Graph_GCN_Fusion_attention,advanced_gnn_fusion,GraphAndProcess,from_scratch_gnn_fusion,AUC,0.8303836861560715,0.0072974039400931,GraphDescriptor_Fusion
UL94,Graph_GIN_Fusion_gated_chem_balanced_deep,chem_aware_balanced_gnn_fusion,GraphAndProcess,from_scratch_gnn_fusion,AUC,0.8303809686128643,0.0058231664456261,GraphDescriptor_Fusion
UL94,Graph_GAT_Fusion_gated_chem_balanced_deep,chem_aware_balanced_gnn_fusion,GraphAndProcess,from_scratch_gnn_fusion,AUC,0.830378057122181,0.0127064348143238,GraphDescriptor_Fusion
UL94,Graph_GAT_Fusion_film_chem_balanced_deep,chem_aware_balanced_gnn_fusion,GraphAndProcess,from_scratch_gnn_fusion,AUC,0.8302742941917707,0.0114797029226136,GraphDescriptor_Fusion
UL94,Graph_SAGE_Fusion_attention,advanced_gnn_fusion,GraphAndProcess,from_scratch_gnn_fusion,AUC,0.8302504431550636,0.0137537387707283,GraphDescriptor_Fusion
UL94,Graph_GINE_Fusion_attention_chem_balanced_deep,chem_aware_balanced_gnn_fusion,GraphAndProcess,from_scratch_gnn_fusion,AUC,0.8297439259665106,0.0112383005991384,GraphDescriptor_Fusion
UL94,Graph_GIN_Fusion_attention_chem_balanced_wide,chem_aware_balanced_gnn_fusion,GraphAndProcess,from_scratch_gnn_fusion,AUC,0.8297348412497321,0.0134268347989055,GraphDescriptor_Fusion
UL94,Graph_GAT_Fusion_concat_chem_balanced_wide,chem_aware_balanced_gnn_fusion,GraphAndProcess,from_scratch_gnn_fusion,AUC,0.8296597672469705,0.0119033395962967,GraphDescriptor_Fusion
UL94,Graph_GINE_Fusion_concat_chem_balanced_balanced,chem_aware_balanced_gnn_fusion,GraphAndProcess,from_scratch_gnn_fusion,AUC,0.8296312670044467,0.0127119021179929,GraphDescriptor_Fusion
UL94,Graph_GCN_Fusion_attention_chem_balanced_wide,chem_aware_balanced_gnn_fusion,GraphAndProcess,from_scratch_gnn_fusion,AUC,0.829499911559951,0.0133983739891482,GraphDescriptor_Fusion
UL94,Graph_GCN_Fusion_weighted_sum_chem_balanced_wide,chem_aware_balanced_gnn_fusion,GraphAndProcess,from_scratch_gnn_fusion,AUC,0.8294926851583732,0.012565688806272,GraphDescriptor_Fusion
UL94,Graph_GAT_Fusion_weighted_sum,advanced_gnn_fusion,GraphAndProcess,from_scratch_gnn_fusion,AUC,0.829463779823317,0.0064575155381342,GraphDescriptor_Fusion
UL94,Graph_GIN_Fusion_film_chem_balanced_wide,chem_aware_balanced_gnn_fusion,GraphAndProcess,from_scratch_gnn_fusion,AUC,0.8294434026435968,0.015355197387418,GraphDescriptor_Fusion
UL94,Graph_GIN_Fusion_film_chem_balanced_balanced,chem_aware_balanced_gnn_fusion,GraphAndProcess,from_scratch_gnn_fusion,AUC,0.8294267961283157,0.0061649362007594,GraphDescriptor_Fusion
UL94,Graph_GCN_Fusion_film_chem_balanced_deep,chem_aware_balanced_gnn_fusion,GraphAndProcess,from_scratch_gnn_fusion,AUC,0.8294195530716679,0.0117699153279357,GraphDescriptor_Fusion
UL94,Graph_GIN_Fusion_film,advanced_gnn_fusion,GraphAndProcess,from_scratch_gnn_fusion,AUC,0.8293651081362153,0.0125698817892416,GraphDescriptor_Fusion
UL94,Graph_GCN_Fusion_concat_chem_balanced_deep,chem_aware_balanced_gnn_fusion,GraphAndProcess,from_scratch_gnn_fusion,AUC,0.8293627245624242,0.0135916108603225,GraphDescriptor_Fusion
UL94,Graph_GAT_Fusion_gated_chem_balanced_wide,chem_aware_balanced_gnn_fusion,GraphAndProcess,from_scratch_gnn_fusion,AUC,0.8293545829457638,0.0135357266568071,GraphDescriptor_Fusion
UL94,Graph_GIN_Fusion_concat_chem_balanced_deep,chem_aware_balanced_gnn_fusion,GraphAndProcess,from_scratch_gnn_fusion,AUC,0.8293503912932373,0.0098601524463014,GraphDescriptor_Fusion
UL94,Graph_SAGE_Fusion_concat_chem_balanced_wide,chem_aware_balanced_gnn_fusion,GraphAndProcess,from_scratch_gnn_fusion,AUC,0.8293282804672117,0.015526572035241,GraphDescriptor_Fusion
UL94,Graph_SAGE_Fusion_gated_chem_balanced_balanced,chem_aware_balanced_gnn_fusion,GraphAndProcess,from_scratch_gnn_fusion,AUC,0.8291080804779056,0.0124095639008989,GraphDescriptor_Fusion
UL94,Graph_GINE_Fusion_film_chem_balanced_wide,chem_aware_balanced_gnn_fusion,GraphAndProcess,from_scratch_gnn_fusion,AUC,0.8290492820048165,0.0151609352329496,GraphDescriptor_Fusion
UL94,Graph_SAGE_Fusion_gated_chem_balanced_wide,chem_aware_balanced_gnn_fusion,GraphAndProcess,from_scratch_gnn_fusion,AUC,0.8289417325686627,0.0134321631482926,GraphDescriptor_Fusion
UL94,Graph_GCN_Fusion_attention_chem_balanced_balanced,chem_aware_balanced_gnn_fusion,GraphAndProcess,from_scratch_gnn_fusion,AUC,0.828868795134697,0.0110747161463563,GraphDescriptor_Fusion
UL94,Graph_SAGE_Fusion_attention_chem_balanced_wide,chem_aware_balanced_gnn_fusion,GraphAndProcess,from_scratch_gnn_fusion,AUC,0.828568457404599,0.009944931952776,GraphDescriptor_Fusion
UL94,Graph_GIN_Fusion_attention_chem_balanced_deep,chem_aware_balanced_gnn_fusion,GraphAndProcess,from_scratch_gnn_fusion,AUC,0.8285262858451826,0.0056172496946553,GraphDescriptor_Fusion
UL94,Graph_GCN_Fusion_concat,advanced_gnn_fusion,GraphAndProcess,from_scratch_gnn_fusion,AUC,0.8284627540771611,0.0052490919238481,GraphDescriptor_Fusion
UL94,Graph_SAGE_Fusion_gated,advanced_gnn_fusion,GraphAndProcess,from_scratch_gnn_fusion,AUC,0.8284163284222685,0.0103945043495803,GraphDescriptor_Fusion
UL94,Graph_GINE_Fusion_film_chem_balanced_deep,chem_aware_balanced_gnn_fusion,GraphAndProcess,from_scratch_gnn_fusion,AUC,0.8283633541240688,0.0078638198259786,GraphDescriptor_Fusion
UL94,Graph_GAT_Fusion_weighted_sum_chem_balanced_deep,chem_aware_balanced_gnn_fusion,GraphAndProcess,from_scratch_gnn_fusion,AUC,0.8283361482571614,0.0132886700448297,GraphDescriptor_Fusion
UL94,Graph_GINE_Fusion_concat_chem_balanced_deep,chem_aware_balanced_gnn_fusion,GraphAndProcess,from_scratch_gnn_fusion,AUC,0.8282239294880542,0.0076809461751366,GraphDescriptor_Fusion
UL94,Graph_GCN_Fusion_gated_chem_balanced_balanced,chem_aware_balanced_gnn_fusion,GraphAndProcess,from_scratch_gnn_fusion,AUC,0.8282192350368682,0.0103800110471867,GraphDescriptor_Fusion
UL94,Graph_SAGE_Fusion_concat_chem_balanced_balanced,chem_aware_balanced_gnn_fusion,GraphAndProcess,from_scratch_gnn_fusion,AUC,0.8281245008904115,0.0112112551301394,GraphDescriptor_Fusion
UL94,Graph_SAGE_Fusion_concat_chem_balanced_deep,chem_aware_balanced_gnn_fusion,GraphAndProcess,from_scratch_gnn_fusion,AUC,0.8281193648357418,0.0072476702208983,GraphDescriptor_Fusion
UL94,Graph_GIN_Fusion_concat_chem_balanced_balanced,chem_aware_balanced_gnn_fusion,GraphAndProcess,from_scratch_gnn_fusion,AUC,0.8279940569176762,0.0141049393730399,GraphDescriptor_Fusion
UL94,Graph_GCN_Fusion_film_chem_balanced_balanced,chem_aware_balanced_gnn_fusion,GraphAndProcess,from_scratch_gnn_fusion,AUC,0.8279521866142975,0.0131438141190321,GraphDescriptor_Fusion
UL94,Graph_GINE_Fusion_film_chem_balanced_balanced,chem_aware_balanced_gnn_fusion,GraphAndProcess,from_scratch_gnn_fusion,AUC,0.8279348424475952,0.0069847009978578,GraphDescriptor_Fusion
UL94,Graph_GINE_Fusion_weighted_sum_chem_balanced_balanced,chem_aware_balanced_gnn_fusion,GraphAndProcess,from_scratch_gnn_fusion,AUC,0.8279322821781594,0.0092165745899848,GraphDescriptor_Fusion
UL94,Graph_SAGE_Fusion_attention_chem_balanced_deep,chem_aware_balanced_gnn_fusion,GraphAndProcess,from_scratch_gnn_fusion,AUC,0.8279056669423488,0.0135267333591342,GraphDescriptor_Fusion
UL94,Graph_SAGE_Fusion_film_chem_balanced_deep,chem_aware_balanced_gnn_fusion,GraphAndProcess,from_scratch_gnn_fusion,AUC,0.8279048124884337,0.0098484781683636,GraphDescriptor_Fusion
UL94,Graph_SAGE_Fusion_concat,advanced_gnn_fusion,GraphAndProcess,from_scratch_gnn_fusion,AUC,0.8277695967025263,0.0062154087004141,GraphDescriptor_Fusion
UL94,Graph_SAGE_Fusion_gated_chem_balanced_deep,chem_aware_balanced_gnn_fusion,GraphAndProcess,from_scratch_gnn_fusion,AUC,0.8277280604770654,0.0113591392291102,GraphDescriptor_Fusion
UL94,Graph_GIN_Fusion_weighted_sum_chem_balanced_balanced,chem_aware_balanced_gnn_fusion,GraphAndProcess,from_scratch_gnn_fusion,AUC,0.8276404486244366,0.0149496319944396,GraphDescriptor_Fusion
UL94,Graph_GAT_Fusion_gated_chem_balanced_balanced,chem_aware_balanced_gnn_fusion,GraphAndProcess,from_scratch_gnn_fusion,AUC,0.8276343748405021,0.01437844309984,GraphDescriptor_Fusion
UL94,Graph_GAT_Fusion_attention_chem_balanced_wide,chem_aware_balanced_gnn_fusion,GraphAndProcess,from_scratch_gnn_fusion,AUC,0.8276254781035849,0.0112871929448273,GraphDescriptor_Fusion
UL94,Graph_GCN_Fusion_attention_chem_balanced_deep,chem_aware_balanced_gnn_fusion,GraphAndProcess,from_scratch_gnn_fusion,AUC,0.8276196102566065,0.0099348920328534,GraphDescriptor_Fusion
UL94,Graph_GIN_Fusion_concat,advanced_gnn_fusion,GraphAndProcess,from_scratch_gnn_fusion,AUC,0.8275908124471162,0.0091121297644215,GraphDescriptor_Fusion
UL94,Graph_GCN_Fusion_film,advanced_gnn_fusion,GraphAndProcess,from_scratch_gnn_fusion,AUC,0.8273413829185255,0.0066955075425911,GraphDescriptor_Fusion
UL94,Graph_GIN_Fusion_gated_chem_balanced_balanced,chem_aware_balanced_gnn_fusion,GraphAndProcess,from_scratch_gnn_fusion,AUC,0.8273117232227272,0.0155743234257406,GraphDescriptor_Fusion
UL94,Graph_GIN_Fusion_film_chem_balanced_deep,chem_aware_balanced_gnn_fusion,GraphAndProcess,from_scratch_gnn_fusion,AUC,0.8272952891715093,0.0135332902816441,GraphDescriptor_Fusion
UL94,Graph_GAT_Fusion_attention_chem_balanced_deep,chem_aware_balanced_gnn_fusion,GraphAndProcess,from_scratch_gnn_fusion,AUC,0.8271040303771983,0.0125064657512702,GraphDescriptor_Fusion
UL94,Graph_GINE_Fusion_attention_chem_balanced_balanced,chem_aware_balanced_gnn_fusion,GraphAndProcess,from_scratch_gnn_fusion,AUC,0.8270991139307476,0.015652741271901,GraphDescriptor_Fusion
UL94,Graph_GCN_Fusion_weighted_sum_chem_balanced_deep,chem_aware_balanced_gnn_fusion,GraphAndProcess,from_scratch_gnn_fusion,AUC,0.8270058479259956,0.0164735802249569,GraphDescriptor_Fusion
UL94,Graph_GAT_Fusion_gated,advanced_gnn_fusion,GraphAndProcess,from_scratch_gnn_fusion,AUC,0.8269843966841416,0.0113802724078671,GraphDescriptor_Fusion
UL94,Graph_GIN_Fusion_concat_chem_balanced_wide,chem_aware_balanced_gnn_fusion,GraphAndProcess,from_scratch_gnn_fusion,AUC,0.8269810235713401,0.0156825284888199,GraphDescriptor_Fusion
UL94,Graph_GCN_Fusion_concat_chem_balanced_wide,chem_aware_balanced_gnn_fusion,GraphAndProcess,from_scratch_gnn_fusion,AUC,0.82696808892935,0.0152971948821701,GraphDescriptor_Fusion
UL94,Graph_GINE_Fusion_gated_chem_balanced_balanced,chem_aware_balanced_gnn_fusion,GraphAndProcess,from_scratch_gnn_fusion,AUC,0.8268728021275262,0.0124892846726011,GraphDescriptor_Fusion
UL94,Graph_GAT_Fusion_attention,advanced_gnn_fusion,GraphAndProcess,from_scratch_gnn_fusion,AUC,0.8268377118481499,0.0095010821466988,GraphDescriptor_Fusion
UL94,Graph_GCN_Fusion_gated_chem_balanced_wide,chem_aware_balanced_gnn_fusion,GraphAndProcess,from_scratch_gnn_fusion,AUC,0.8268060917366895,0.0133726103408456,GraphDescriptor_Fusion
UL94,Graph_GAT_Fusion_film_chem_balanced_balanced,chem_aware_balanced_gnn_fusion,GraphAndProcess,from_scratch_gnn_fusion,AUC,0.8267828241699418,0.0131984650474869,GraphDescriptor_Fusion
UL94,Graph_SAGE_Fusion_film_chem_balanced_balanced,chem_aware_balanced_gnn_fusion,GraphAndProcess,from_scratch_gnn_fusion,AUC,0.8266801494069362,0.0108990795341379,GraphDescriptor_Fusion
UL94,Graph_SAGE_Fusion_attention_chem_balanced_balanced,chem_aware_balanced_gnn_fusion,GraphAndProcess,from_scratch_gnn_fusion,AUC,0.8264867268640572,0.0083021128559929,GraphDescriptor_Fusion
UL94,Graph_GINE_Fusion_weighted_sum,advanced_gnn_fusion,GraphAndProcess,from_scratch_gnn_fusion,AUC,0.8264816368685223,0.0089971121369558,GraphDescriptor_Fusion
UL94,DescriptorProcess_ExtraTreesClassifier,descriptor_tree,DescriptorProcess,from_scratch_descriptor_process,AUC,0.8260186204984221,0.012798998988276,DescriptorProcess_Bagging
UL94,Graph_GCN_Fusion_weighted_sum_chem_balanced_balanced,chem_aware_balanced_gnn_fusion,GraphAndProcess,from_scratch_gnn_fusion,AUC,0.8259970359075062,0.0133713584547356,GraphDescriptor_Fusion
UL94,Graph_GINE_Fusion_gated,advanced_gnn_fusion,GraphAndProcess,from_scratch_gnn_fusion,AUC,0.8258405046158522,0.0172701405450394,GraphDescriptor_Fusion
UL94,DescriptorProcess_RbfSVMClassifier,descriptor_kernel,DescriptorProcess,from_scratch_descriptor_process,AUC,0.8257441553616175,0.0105853662835747,DescriptorProcess_OtherML
UL94,Graph_GCN_Fusion_gated_chem_balanced_deep,chem_aware_balanced_gnn_fusion,GraphAndProcess,from_scratch_gnn_fusion,AUC,0.8257433894996543,0.0046142788922979,GraphDescriptor_Fusion
UL94,Graph_GAT_Fusion_film,advanced_gnn_fusion,GraphAndProcess,from_scratch_gnn_fusion,AUC,0.8257057897840687,0.0130080314103735,GraphDescriptor_Fusion
UL94,Graph_GCN_Fusion_concat_chem_balanced_balanced,chem_aware_balanced_gnn_fusion,GraphAndProcess,from_scratch_gnn_fusion,AUC,0.8255968191876126,0.0098857624871673,GraphDescriptor_Fusion
UL94,Graph_GINE_Fusion_concat_chem_balanced_wide,chem_aware_balanced_gnn_fusion,GraphAndProcess,from_scratch_gnn_fusion,AUC,0.8253443514921553,0.0088633689783348,GraphDescriptor_Fusion
UL94,Graph_GCN_Fusion_film_chem_balanced_wide,chem_aware_balanced_gnn_fusion,GraphAndProcess,from_scratch_gnn_fusion,AUC,0.8251890899461447,0.0114591757415075,GraphDescriptor_Fusion
UL94,Graph_GIN_Fusion_gated_chem_balanced_wide,chem_aware_balanced_gnn_fusion,GraphAndProcess,from_scratch_gnn_fusion,AUC,0.8248533106611718,0.0130010872399025,GraphDescriptor_Fusion
UL94,Graph_GINE_Fusion_gated_chem_balanced_deep,chem_aware_balanced_gnn_fusion,GraphAndProcess,from_scratch_gnn_fusion,AUC,0.8245084772027573,0.0075489052942363,GraphDescriptor_Fusion
UL94,Graph_GIN_Fusion_attention_chem_balanced_balanced,chem_aware_balanced_gnn_fusion,GraphAndProcess,from_scratch_gnn_fusion,AUC,0.823819607939002,0.0092359805541256,GraphDescriptor_Fusion
UL94,Graph_SAGE_Fusion_film,advanced_gnn_fusion,GraphAndProcess,from_scratch_gnn_fusion,AUC,0.8230979437574671,0.0098148317835754,GraphDescriptor_Fusion
UL94,Graph_GAT_Fusion_attention_chem_balanced_balanced,chem_aware_balanced_gnn_fusion,GraphAndProcess,from_scratch_gnn_fusion,AUC,0.8227607365308117,0.0106827802029955,GraphDescriptor_Fusion
UL94,DescriptorProcess_MLPClassifier,descriptor_nn,DescriptorProcess,from_scratch_descriptor_process,AUC,0.8150069900840379,0.0243070932570422,DescriptorProcess_OtherML
UL94,DescriptorProcess_LogisticRegressionClassifier,descriptor_linear,DescriptorProcess,from_scratch_descriptor_process,AUC,0.7927272609252051,0.011097972797754,DescriptorProcess_OtherML
UL94,DescriptorProcess_RidgeClassifier,descriptor_linear,DescriptorProcess,from_scratch_descriptor_process,AUC,0.7837542735173494,0.0115030015509605,DescriptorProcess_OtherML
UL94,Graph_GCN_Fusion_graph_only,advanced_gnn_fusion,GraphAndProcess,from_scratch_gnn_fusion,AUC,0.6201414238954227,0.021350114634068,Plain_GNN
UL94,Graph_SAGE_Fusion_graph_only,advanced_gnn_fusion,GraphAndProcess,from_scratch_gnn_fusion,AUC,0.6196822092756088,0.0219291012223007,Plain_GNN
UL94,Graph_GAT_Fusion_graph_only,advanced_gnn_fusion,GraphAndProcess,from_scratch_gnn_fusion,AUC,0.6185910447717793,0.0163604381890135,Plain_GNN
UL94,Graph_GINE_Fusion_graph_only,advanced_gnn_fusion,GraphAndProcess,from_scratch_gnn_fusion,AUC,0.6178486145933046,0.0331949670270574,Plain_GNN
UL94,Graph_GIN_Fusion_graph_only,advanced_gnn_fusion,GraphAndProcess,from_scratch_gnn_fusion,AUC,0.6164405230959273,0.0177419212382887,Plain_GNN
